relative_path,file_type,file_size_bytes,sha256,readable_status,notes
.gitignore,unknown,438,16d8429e1e343ca92d1a96cf478bca37d2bf8d1ec6c2598209a78b0188fb5768,readable,encoding=utf-8
.zenodo.json,json,2045,ed4385571bc2c24051ae83d68e3bc573855b79f81a2df379c58588f3d59da17f,readable,encoding=utf-8
CITATION.cff,cff,2432,3d742f524c7bf98582be65cf221879b133bce5dd472fb187cf0a201431a3d71a,readable,encoding=utf-8
configs/dataset.yaml,yaml,3205,8b072e25ac71d310355dd89f401556e0e29b5a2ee7b960cfb0bdf1650a9c95cd,readable,encoding=utf-8
configs/descriptor_sets.yaml,yaml,1829,2ad0650d4ed0929452028f734da1471da5d0ce42f0ce9b2e3bae5657b9a89ffd,readable,encoding=utf-8
configs/figure_settings.yaml,yaml,1182,06f4b04140714411eb8626c76b66b6fc18cbd516f242fe4eb8199e0dafbb6978,readable,encoding=utf-8
configs/graph_model_settings.yaml,yaml,1153,4484f6de6f158f7e4476e59e733c02d240b7df285955ac8232af3a1db3adffcd,readable,encoding=utf-8
configs/model_hyperparameters.yaml,yaml,2600,66786da0a824dc4e06ec258f3a03e3d67328abc4da780752aaef254a1635c7cb,readable,encoding=utf-8
configs/qm_workflow.yaml,yaml,982,d80b8eded96a313820c7cae8d89704e7e15ea3ba25a5fff40ed2f1060769ca3f,readable,encoding=utf-8
configs/split_settings.yaml,yaml,856,cd77359df6f5255acdd79f4c97c62ad832ebd3358bcab799ecddad8a721dd810,readable,encoding=utf-8
data/external_panel/aggregated_panel_ratings.csv,csv,205093,2b9b8518660b175f795ddb0e1faecff395a9aed859359e079f154887db7a8602,readable,encoding=utf-8
data/external_panel/aggregated_panel_ratings_wide_mean.csv,csv,33675,f4e0c70ee475cfea10eda46f7b54717634b2f4235505580332966038d4e0fd65,readable,encoding=utf-8
data/external_panel/external_molecules_87.csv,csv,7447,00a976aaffa47353578079ae1967d39505305663a6d7796ae9088cfa48a60afe,readable,encoding=utf-8
data/external_panel/external_molecules_observed.csv,csv,7447,00a976aaffa47353578079ae1967d39505305663a6d7796ae9088cfa48a60afe,readable,encoding=utf-8
data/external_panel/pairwise_panel_jaccard_similarity.csv,csv,8852,2922cbb54ef3ad51b2f840fdcbb11140211b3ebdd272aa95a986bda6552069ae,readable,encoding=utf-8
data/external_panel/panel_derived_topk_labels.csv,csv,11734,cd79cb20aa1d76329ba590e78b1cfac606263d3332c3d9ae9c71e11909be7f88,readable,encoding=utf-8
data/external_panel/panel_label_vocabulary_43.csv,csv,808,dca1e7bdce253190126e3aa385eb3848a38acfac550aa1071d9f92e5cb560a2e,readable,encoding=utf-8
data/external_panel/structural_neighbor_pairs_60.csv,csv,13468,2211b64372b3d829ebbf8ae71b43e36c7e045e5079990725d3c4a7bc42e21f2d,readable,encoding=utf-8
data/interim/cas_smiles_mapping.csv,csv,484359,73e3461d608bba8febd7ef3d24130813b186f436af771d03e66a43c9fa35be49,readable,encoding=utf-8
data/interim/label_harmonization_table.csv,csv,6901,ff66467e8167754150fe11bfada0640f933bccc1221736070178d184943f9aa4,readable,encoding=utf-8
data/interim/molecule_records_canonicalized.csv,csv,847761,4bb8dee492917a9448044d353c9afc666a406ac01bf3d3726ced10b055561f03,readable,encoding=utf-8
data/interim/removed_or_conflicting_entries.csv,csv,26153,e5b8b7c785871646a1ce1dd025936ee8a46f32285eb8c484f88493d4dd05369b,readable,encoding=utf-8
data/processed/benchmark_molecules_4495.csv,csv,599384,d32e87b6114bbe748f868bfb28114e4e9e0923e9538cff2704ec5e85c3c61f93,readable,encoding=utf-8
data/processed/benchmark_molecules_observed.csv,csv,599387,313741b22a49c4a219b234edd997a318943e8fa5a6ed3cc00f2ac07a9d8b981a,readable,encoding=utf-8
data/processed/ecfp4_fingerprint_index.csv,csv,300273,3ebbb95d1ded8fabef12a533dc121ecd002b6fa7cea64e66b7cac1fcd47dc352,readable,encoding=utf-8
data/processed/ecfp4_fingerprint_metadata.json,json,278,430120f7c715c1f9ccfa641e70a4424c15b7df9f5a18333688d871443d1be778,readable,encoding=utf-8
data/processed/ecfp4_fingerprints.npz,npz,114414,374355f826c23502fb7292ad7ae9e21e8e2e9ed2e490117a5dede11084dc1fdb,readable,hash-only binary summary
data/processed/odor_label_matrix_4495x112.csv,csv,1061653,cf948e87d63ff9ce3fd58f494fff7d37ad16514cc60cc2751d5b078866613f91,readable,encoding=utf-8
data/processed/odor_label_matrix_observed.csv,csv,1207203,bb89027131b208385d1b268f616577f996c457ae65661e2a2432b783df309fda,readable,encoding=utf-8
data/processed/odor_label_vocabulary_112.csv,csv,3193,1802a1bbdabcf100c990a8b296dc6fe1634aa8fba28c898d1f4504f2d04ce0f6,readable,encoding=utf-8
data/processed/odor_label_vocabulary_observed.csv,csv,3227,34b4d2e5b5947b47b8073022261df09789a1e273f104013d2b76d42b29fe7534,readable,encoding=utf-8
data/processed/rdkit_descriptors_raw.csv,csv,7817877,5115de4505ca37aa2de4b5bfe87842b08079ad52762b585da6f09d1d4b7775b4,readable,encoding=utf-8
data/processed/rdkit_descriptors_unstandardized_qc.csv,csv,7475432,ee87303c67630208c576a0b23675042fa126c5508d16a10661632b459c1514c5,readable,encoding=utf-8
data/raw_manifest/source_inventory.csv,csv,41232,6cc1bd8a4f915e513bec0836a40588e6e89cec0cf1c602654d2eb0b8df077f9d,readable,encoding=utf-8
data/raw_manifest/third_party_source_restrictions.md,md,1590,efa116e994826d07d0558099c3f9a374628a63a61718036ee5b612d875975d69,readable,encoding=utf-8
data/receptor_annotations/m2or_matched_molecules.csv,csv,3638,979a1dacca7108476324199b7952556a7de28a3cae90fd51e4225da1b6440d40,readable,encoding=utf-8
data/receptor_annotations/m2or_matched_molecules_all_species.csv,csv,3638,979a1dacca7108476324199b7952556a7de28a3cae90fd51e4225da1b6440d40,readable,encoding=utf-8
data/receptor_annotations/m2or_pair_or_raw.csv,csv,1225810,2ff10f60156e8921f759a016f8137abbd005f76248506ef2e0e175c26c08defa,readable,encoding=utf-8
data/receptor_annotations/receptor_concordant_divergent_pairs.csv,csv,2279,1b685a4ed9a0d9524cc540f40901deba1303fdf9d6090a22095cb236a1537dd3,readable,encoding=utf-8
data/receptor_annotations/receptor_concordant_divergent_pairs_all_species.csv,csv,2291,30b2be6434f8da3ad2b83991ff7eda7b5251a4f770ecfc7c92817344c2745b87,readable,encoding=utf-8
data/receptor_annotations/receptor_matching_exclusion_log.csv,csv,22532,f665b3b3ad700cc8445642c9ecf0e613f5dbc7be96fad4aa894d0564bc02fe5e,readable,encoding=utf-8
data/receptor_annotations/receptor_pairwise_concordance.csv,csv,15928,d3df11b90d034af5c05a88991e555b65a5b96c4c9c1a45fef7f63fc23726b055,readable,encoding=utf-8
data/receptor_annotations/receptor_pairwise_concordance_all_species.csv,csv,15988,f5a2d828c75446e23dc8fdd35ebcefb86846840367f444117b8a47cb56a305bc,readable,encoding=utf-8
data/receptor_annotations/receptor_response_long.csv,csv,987388,bb17b905f811b0d26822546b2e33f15c65027fed70a2e2634084156815aeb5ed,readable,encoding=utf-8
data/receptor_annotations/receptor_response_long_all_species.csv,csv,990575,53576e868cf9fb0c1eaaef28cd3ac5b64b5a66fdd460a9a7d3205b76884eda37,readable,encoding=utf-8
data/receptor_annotations/receptor_response_vectors.csv,csv,57667,5302941400c884bf71f512dd02165f9a4d9b4cca5fa8e2ccbf735797db53dd05,readable,encoding=utf-8
data/receptor_annotations/receptor_response_vectors_all_species.csv,csv,57714,8cbd6e832c8ea3adadf4d0faa39a9caff988d016883ab96d913a41714744b618,readable,encoding=utf-8
data/source_data/fig1_source_data.xlsx,xlsx,641140,a50593e74dc85669350810d6cb38b1927aa70556bea2f1deb0b16aec626d9765,readable,hash-only binary summary
data/source_data/fig2_source_data.xlsx,xlsx,109821,49d051ce883a44281f45311fde3f3d391c826e49cd8f60628ca79111bff919ab,readable,hash-only binary summary
data/source_data/fig3_source_data.xlsx,xlsx,165746,3e8373edeeb4ff24ace76443579714f0efacbe2764e82f2b3d30a608563b91b5,readable,hash-only binary summary
data/source_data/fig4_source_data.xlsx,xlsx,120973,dc6fbe91f3dc267dcf26364579e8f1ae334d2b7ac9e15cd0dcac25d389646d9c,readable,hash-only binary summary
data/splits/structure_disjoint_splits/fold_01_test.csv,csv,769961,64cdbfd571bbac76489ec9eb32301aa1e626ff3f1a76ecc1b45d1f984e7aa956,readable,encoding=utf-8
data/splits/structure_disjoint_splits/fold_01_train.csv,csv,1548319,833c0623b76f4502be4666a5cfa2744b843f25167e33fb5ce45f2c431bdbfe97,readable,encoding=utf-8
data/splits/structure_disjoint_splits/structure_disjoint_split_audit.csv,csv,3557,65e31c23a95a698ed4cc01e9c36f306e7a3f866e3855a88033a0ac8391e30454,readable,encoding=utf-8
data/splits/structure_disjoint_splits/structure_disjoint_test.csv,csv,769961,64cdbfd571bbac76489ec9eb32301aa1e626ff3f1a76ecc1b45d1f984e7aa956,readable,encoding=utf-8
data/splits/structure_disjoint_splits/structure_disjoint_train.csv,csv,1548319,833c0623b76f4502be4666a5cfa2744b843f25167e33fb5ce45f2c431bdbfe97,readable,encoding=utf-8
docs/data_availability.md,md,4195,3f3a0f5c4e23e760f3d752a57b2f4f2f2b13e99eeaf10d9bdd2ceb11246f416a,readable,encoding=utf-8
docs/data_dictionary.md,md,10389,27913238387fbccda7964acd7ec552326ed58b9ceee9abf6cb517e9b21960a4a,readable,encoding=utf-8
docs/qm_descriptor_definitions.md,md,4890,a54bbafcdb2c0718a4302537085e4840eb4bab2b935b36331c7eab6c10ccaca3,readable,encoding=utf-8
docs/receptor_matching_rules.md,md,4624,c1a23f9197942413f0d45f72451ad416115923a5e617d93930b9d53f639343cf,readable,encoding=utf-8
docs/reproducibility_checklist.md,md,2123,cf2ce052ba9f9b56835b2b53acea0f663dc0f20a0e52b0b9039e244c3b154442,readable,encoding=utf-8
docs/sensory_panel_metadata.md,md,2813,6182805ce0b75f09bd6c16e1cbf097eaefc6fe3f7a9060a86ab6c78329faa0d8,readable,encoding=utf-8
docs/workflow_overview.md,md,5158,4eab5e1afb16a60db1155a31603e35a2a3c2815c70087477ce6de6f8aa57484f,readable,encoding=utf-8
environment.yml,yml,602,1938136bd2d954c8c9f722ca519adf0db088b83c32bb78152f706fdd6b18cd1f,readable,encoding=utf-8
fig2_data_audit_report/01_summary_json_inventory.csv,csv,1475,7d3b19354f7dbf21f376e491573c560c13af650d6e0a4b99f17f890f7a9f7799,readable,encoding=utf-8
fig2_data_audit_report/02_metric_recalculation_audit.csv,csv,26736,7a33c18f796992054d4b5a7acf9c8b5410632a0b9cfef30898e45232e9481f4c,readable,encoding=utf-8
fig2_data_audit_report/03_manuscript_value_comparison.csv,csv,2728,17bf4c6598ec0cc6e39d17cd510c9568222e86bc1fbd37778e19088ef6d69832,readable,encoding=utf-8
fig2_data_audit_report/04_missing_or_duplicate_combinations.csv,csv,1097,4f22c89f3374127e331e335838c08627fd7c89cc526c554982ca1813fc807a62,readable,encoding=utf-8
fig2_data_audit_report/05_labelwise_auc_audit.csv,csv,1018,d8ef7c35475e26ac05f25ec7b60900779db0352b12d8e8f45d68eacccf3a3001,readable,encoding=utf-8
fig2_data_audit_report/06_issues_to_fix.csv,csv,4059,7e9c96eaab1605b1260cea3878a65282afe132ad89859326d442e19658ff62d5,readable,encoding=utf-8
fig2_data_audit_report/README_audit_report.md,md,1277,799c6dc3448f4ceb44714176ac795e4987681556e37e67787e8ca20fea0592e2,readable,encoding=utf-8
LICENSE,unknown,2510,c179b3daa82f9633d77c4dde277c05a70a0a202932957e3be6e22412867989f6,readable,encoding=utf-8
notebooks/01_dataset_overview.ipynb,ipynb,10643,67fcea4bc5c3fd75ae1d4bdedea0ccbf65b21c0c1c268541e23606d66bf06fda,readable,hash computed; parser not requested
notebooks/02_descriptor_quality_control.ipynb,ipynb,13560,bcf7b016881f9f6241496ddb963bc0b29fc0cc8bca959ec731afd9d59fc799dd,readable,hash computed; parser not requested
notebooks/03_benchmark_result_summary.ipynb,ipynb,11207,de1df8f956f639f8715953927de42597e1aad0f82044e978a9bcbe0508a58fe4,readable,hash computed; parser not requested
notebooks/04_external_panel_validation.ipynb,ipynb,13115,ad77f92a28403b1c1d5b2e70f6898518c1a32e2157895ca31a63aa87eaea767a,readable,hash computed; parser not requested
notebooks/05_receptor_consistency_check.ipynb,ipynb,10117,3915feba2bab43ab719c8360921f2c39e2de0c760d6786ab3cb51a74eb279702,readable,hash computed; parser not requested
pyproject.toml,toml,1193,58423c726d566c9091a149a817a01981bc2bc18e2c34199b411c1a4fb035b0f6,readable,encoding=utf-8
README.md,md,3531,200fc752601ed6292d2da04e7b8d4b1e7da2b0833869f10f09dc261484a29676,readable,encoding=utf-8
reports/benchmark_source_truth_audit.csv,csv,200,60b018906a711740c4f87b56280b5016538a388c6736f427dd83ee87ce8e9e1d,readable,encoding=utf-8
reports/benchmark_source_truth_audit.md,md,595,afcd08c6d60dc9819aff72e0ace38ea45a87b1f7186cca0adf3e964054b8cdc4,readable,encoding=utf-8
reports/current_data_audit_report.md,md,15395,ed138dc6aec96c7664b656d839dff5a03ad44d63f927e460b0c54a76e35098f2,readable,encoding=utf-8
reports/current_data_audit_summary.csv,csv,1390,91e4949fa0b988cd9bc49e4d55369d7a6347cbccb14526fd562b19c4a7042ebe,readable,encoding=utf-8
reports/ecfp4_density_summary.csv,csv,257950,65d83d5867cd3d44e542ba945d796e5af2a3bdc238bdfe81ed283626dbdef1a0,readable,encoding=utf-8
reports/ecfp4_invalid_smiles.csv,csv,156,6c723b8130c23116349d306c70ae1592460aebbf1b642eeb79011bb63aba3f3d,readable,encoding=utf-8
reports/label_release_alignment_112.csv,csv,235,4ed200b1144f49186a24f246eeb0ee60561fd0a495259f942ddc58fe5bc2f2c7,readable,encoding=utf-8
reports/label_release_alignment_112.md,md,387,e9a3126f4e95b1c33f1e89b83a9f0d8315e41ff856b6bd47c382627522272833,readable,encoding=utf-8
reports/missing_required_data.csv,csv,3762,e70ad415a321156b3e0f2c40209f318df936cb770ecc52e8205531458ddc32ee,readable,encoding=utf-8
reports/rdkit_descriptor_audit.csv,csv,339,5aed02828df0abf297df8930072ffb8839e3336917f498fd0ce7fd34876eec1b,readable,encoding=utf-8
reports/rdkit_descriptor_constant_columns.csv,csv,561,cc068b69a227cbfbf8467ee182f3edf37df764cea128db10c832c20abafffec0,readable,encoding=utf-8
reports/rdkit_descriptor_missingness.csv,csv,5078,57eaea041f1d26fc6248840a054433e8221d441926423d02aa0760bb599b39dd,readable,encoding=utf-8
reports/rdkit_ecfp4_generation_report.md,md,1925,e1b1c853f3c0172c58732703566812b157b1ced60fa4cdb4a579aebf937adfc1,readable,encoding=utf-8
reports/rdkit_invalid_smiles.csv,csv,156,6c723b8130c23116349d306c70ae1592460aebbf1b642eeb79011bb63aba3f3d,readable,encoding=utf-8
reports/rdkit_standardization_blocked_no_splits.md,md,238,aca77dc52b8514d30aec26fea1c793fca96fcedb8d7bf0bbfee5e935d9e958d9,readable,encoding=utf-8
reports/receptor_annotation_preparation_report.md,md,2704,51e5b5c68398e03799b64e3347fbfbb7c79fbadde54e6d66827b82c357abdd1d,readable,encoding=utf-8
reports/receptor_distance_comparison_blocked_missing_descriptors.md,md,356,6770a02e7e40e26daf0ecc6eace5a239f1f73ef89942db9258fd67751a8ec1c4,readable,encoding=utf-8
reports/structure_disjoint_split_report.md,md,2076,b87d925445120d742f2f19324803f4fabf87fccc05fc62c7ddb1b0618497890d,readable,encoding=utf-8
requirements.txt,txt,426,9bd385ca0078c3c7f538b1bc67359c7696a55a70fad4029a96409cd2018b8584,readable,encoding=utf-8
results/benchmark_metrics/labelwise_auc_by_model_representation.csv,csv,385052,77298872deb5e6818a037834b0cbd4e7d009b91660b72f88e66e307bbc6c79be,readable,encoding=utf-8
results/benchmark_metrics/labelwise_delta_auc.csv,csv,292889,417982f334e49983ec9f266ddfd10fb5b99481f523d904055b6b99201bb801fd,readable,encoding=utf-8
results/benchmark_metrics/macro_auc_by_model_representation.csv,csv,5967,d239135825e39f5fe0dd36054cda0a95d56b5105dca0e62e2b0e880369713b73,readable,encoding=utf-8
results/benchmark_metrics/micro_auc_by_model_representation.csv,csv,5967,098b125686c98df8bd6e75dcd9528ed0e58a2a175cb8b22e66c49e968afb894f,readable,encoding=utf-8
results/benchmark_metrics/model_summary_json/CNN__ECFP4__summary.json,json,5750,a97d00ba859c21a56df63a7c9517a7bb4e84a3d132e058ddf859e871e1f02059,readable,encoding=utf-8
results/benchmark_metrics/model_summary_json/CNN__QM__summary.json,json,6265,06c966671cf42609006f3ed6dfd7f49afe1d4b1c13afb80cf93ceae2721c4816,readable,encoding=utf-8
results/benchmark_metrics/model_summary_json/CNN__RDKit__summary.json,json,6032,fb1f5a46ca33099528a39950779dea3f3b9181ac74050c00343455fcd48bf470,readable,encoding=utf-8
results/benchmark_metrics/model_summary_json/CNN__RDKit_QM__summary.json,json,6836,3fcd66e4c2a4d34e814fc4ef5052985163d491f64f44a9dd78313705001b0249,readable,encoding=utf-8
results/benchmark_metrics/model_summary_json/LogReg__ECFP4__summary.json,json,22243,500aa55618ff97914763f90775768c7cb1ac78e90ae31a6a286737d42e81981e,readable,encoding=utf-8
results/benchmark_metrics/model_summary_json/LogReg__QM__summary.json,json,22183,7cae3e6cde38653381c8a1afc644d864ed030de794c7d0e5e6bf994cd0c78f6f,readable,encoding=utf-8
results/benchmark_metrics/model_summary_json/LogReg__RDKit__summary.json,json,22195,25a6318927af40d2d23e0906f63b37a42e198d1b9fff6c5ea465b6f6857f256f,readable,encoding=utf-8
results/benchmark_metrics/model_summary_json/LogReg__RDKit_QM__summary.json,json,22241,8ace9edde50e08e3318ed91aa1b8a46476ad668ce18e2b09b799d5e49e086503,readable,encoding=utf-8
results/benchmark_metrics/model_summary_json/MLP__ECFP4__summary.json,json,5485,1437931cdcc01d564ad9a8318b7d82f2fbe7bee65eee9739047c17d3d9445bd0,readable,encoding=utf-8
results/benchmark_metrics/model_summary_json/MLP__QM__summary.json,json,6779,4614e0af4b0879d0a8155cb231510ac620a8cfcdf2ee281447eb745919d5b6d7,readable,encoding=utf-8
results/benchmark_metrics/model_summary_json/MLP__RDKit__summary.json,json,6303,05fe80faf8ffd454407edd182724c60e2556d82a1a02c42b438791287fe25386,readable,encoding=utf-8
results/benchmark_metrics/model_summary_json/MLP__RDKit_QM__summary.json,json,7849,b65f6808587c65797b651bed38b58f03498e54fcbcfa925a268ed8f518419ae2,readable,encoding=utf-8
results/benchmark_metrics/model_summary_json/RF__ECFP4__summary.json,json,22285,ff306c9c5155fb200f36b04d7e70cdba6c40e79d049fc5e1cb1ad208546838d2,readable,encoding=utf-8
results/benchmark_metrics/model_summary_json/RF__QM__summary.json,json,22320,3e48c48d6f6acf60c6bca2f28973ef7221448dfaeae709349a4f44627d4d71bc,readable,encoding=utf-8
results/benchmark_metrics/model_summary_json/RF__RDKit__summary.json,json,22304,71df5ddba0dfe141a1a8485b2518b6dc0c90ce826ec5492f9b292a9214daf2b0,readable,encoding=utf-8
results/benchmark_metrics/model_summary_json/RF__RDKit_QM__summary.json,json,22364,27ba8312c3d64e0cd6cb807d4966025b66720dac7357aa1de2da85551ba367f8,readable,encoding=utf-8
results/benchmark_metrics/model_summary_json/summary_json_manifest.csv,csv,4665,9cfa631fb4f6c3e438d1f75a762e486cf23c21db03b04c438e57529a2e6820f5,readable,encoding=utf-8
results/benchmark_metrics/model_summary_json/SVM__ECFP4__summary.json,json,22299,75fa693d9a36549d99b2e52da28e4cfe71e965bd68e5625b85c0f4f455221031,readable,encoding=utf-8
results/benchmark_metrics/model_summary_json/SVM__QM__summary.json,json,22198,44d23d67f6d43450f1604d2391a5fc54f0c356fa09541ce29e1e1ad08aff41aa,readable,encoding=utf-8
results/benchmark_metrics/model_summary_json/SVM__RDKit__summary.json,json,22207,59af9972889162f12b13931d987c5d339de70925c81126231a3deb4035e313b9,readable,encoding=utf-8
results/benchmark_metrics/model_summary_json/SVM__RDKit_QM__summary.json,json,22206,34306a5961ec4cd2012bf78624128540e4c5b1ad9ec67fe2a93626004c10a393,readable,encoding=utf-8
results/benchmark_metrics/model_summary_json/XGBoost__ECFP4__summary.json,json,22371,dcb86e60aaa94625e166036a480df9fdae85b3feaa03d46a8a021e73642c687c,readable,encoding=utf-8
results/benchmark_metrics/model_summary_json/XGBoost__QM__summary.json,json,22396,efc4afe3c3d7f59faad40e6e018feecfb547cdd9091068014e1f9d55425d6098,readable,encoding=utf-8
results/benchmark_metrics/model_summary_json/XGBoost__RDKit__summary.json,json,22396,09c52898410d15b69848baf884c4ccb79eb308a5cd71a6976433949c51c4c439,readable,encoding=utf-8
results/benchmark_metrics/model_summary_json/XGBoost__RDKit_QM__summary.json,json,22421,567d6a7018888a45a5ebaf656865cc377b36036d22f112fb48d645c48a0dea26,readable,encoding=utf-8
results/receptor_consistency/receptor_consistency_statistics.csv,csv,385,80c159d8b79206a792f4201e80b57e2e18d7203b08bdcc31ac3000c94c2dee3e,readable,encoding=utf-8
results/shap/shap_feature_ranking.csv,csv,10453,24f8329e878cdc1fdf76cf8f595d7f4d5562114e1271791e01d09fdfae90f309,readable,encoding=utf-8
results/structure_disjoint/fig2E_structure_disjoint_audit.csv,csv,1840,bf2e28d2a6bdb9ded420838038dbad3682949b77388cfa2cbe9083ae5ba1efb5,readable,encoding=utf-8
results/structure_disjoint/README_pending_manual_confirmation.md,md,488,f489de8b9ad7b49df67095a5295468a7b73f9780b6c8cc3576a5657499f25c1b,readable,encoding=utf-8
results/structure_disjoint/structure_disjoint_metrics.csv,csv,1239,0a2666f672b3fc0b7d53123ea6346342e271d9332768a5de83ea1e77572e9b26,readable,encoding=utf-8
scripts/01_compute_rdkit_features.py,py,7459,1bf416f07a43dde1865b8591dc898193eb3ab753b9d7a224f043d5d8d7a73a88,readable,encoding=utf-8
scripts/03_make_splits.py,py,888,991355320aa94d0d3b5f1d1f3be3f03d247005d2ae409bc5b561cc33efda34e8,readable,encoding=utf-8
scripts/07_receptor_consistency_analysis.py,py,9339,2f53bf8ecfacd7d4e8b71fb09f454f4d251c023c8402003504dab921259992a9,readable,encoding=utf-8
scripts/legacy_split_ecfp4_by_folds.py,py,5226,ef521fcf990fc17f37ff47d08ec8c5400244bd2be45a6fc2afd5fb373bf0027d,readable,encoding=utf-8
scripts/prepare_available_data.py,py,65662,02f6734627d369c641a75de92f20bdc0bc05b0e34ddde7f3f3adf6299cc502ab,readable,encoding=utf-8
src/qmodor/__init__.py,py,55,46a19c946db5620cb565dee852a4d4eb39c724a4386239c86f7ef4d985a6dc3d,readable,encoding=utf-8
src/qmodor/descriptors/__init__.py,py,66,d8053e63966dd79cd9fb0dc156ebf097c1df548612cb70e39a532c540b41d126,readable,encoding=utf-8
src/qmodor/descriptors/common.py,py,6154,3441d9797b017a5d3d088934dd1b07c4718e2eb57f02d80dbdea6b7ef242ff44,readable,encoding=utf-8
src/qmodor/descriptors/compute_ecfp4.py,py,5268,a478bff33d5af9b96bbc1f4bf5cff0ab0a099ee86c8751918ea21ba0ebc6d773,readable,encoding=utf-8
src/qmodor/descriptors/compute_rdkit_descriptors.py,py,7067,19f7a39328ff90654c6cf385e15c4daacc63b79d207a2c76eabc8d8b7742f5b8,readable,encoding=utf-8
src/qmodor/descriptors/standardize_rdkit_descriptors.py,py,11884,ddf4f29694ea8c0e29235a64e61d8a0b49f88ed980e10c8d0b584614e227b28e,readable,encoding=utf-8
src/qmodor/receptor/__init__.py,py,73,074efd3f2e0abac3c25091b162174f5daa1c055227d44f64437bfca2861c25cd,readable,encoding=utf-8
src/qmodor/receptor/compute_receptor_descriptor_distances.py,py,5798,7a5386db7283b81ef1ec7f26625367c65afbcf3e0fbdab0c1294d3e7730678d9,readable,encoding=utf-8
src/qmodor/receptor/compute_receptor_pair_concordance.py,py,455,d1e5685ff42d6f0a44a66e1060588976c6fbe923199cb6aa7041e4414e317c23,readable,encoding=utf-8
src/qmodor/receptor/prepare_m2or_receptor_annotations.py,py,32768,8fb4ef9da7fc6805d737a897c93222163e1654b368ba0fdd5222d54fde9187f1,readable,encoding=utf-8
src/qmodor/splits/__init__.py,py,74,465033e6171fb1bd367b51c0a8ac95e2b2dfdf983a40205cc6eb543facb9ad84,readable,encoding=utf-8
src/qmodor/splits/legacy_split_ecfp4_by_folds.py,py,5226,ef521fcf990fc17f37ff47d08ec8c5400244bd2be45a6fc2afd5fb373bf0027d,readable,encoding=utf-8
src/qmodor/splits/organize_structure_disjoint_split.py,py,17722,de544ebc6eb3eec1d5207b6667d07c98f9288ab99ff6413ce13e0ed6a0107a10,readable,encoding=utf-8
tests/test_descriptor_shapes.py,py,2915,69368c13e6cfbca4ae6b485b2efee36de1ad111561fcd0c4f8f0b63d04091606,readable,encoding=utf-8
tests/test_receptor_matching.py,py,1281,381bd6e0c841cf7fe9f8d97e699173b495326748d478acdebf09229076aaa0cc,readable,encoding=utf-8
tests/test_split_no_leakage.py,py,1156,2169a821206ee3fd928666310ce1fa43dedc62028aad3f3c2780faf588a1e1bf,readable,encoding=utf-8
