relative_path,exists,path_type,file_size_bytes,last_modified,notes
README.md,YES,file,3531,2026-06-12T00:51:33,
LICENSE,YES,file,2510,2026-05-14T15:54:39,
CITATION.cff,YES,file,2432,2026-05-14T22:07:19,
.zenodo.json,YES,file,2045,2026-05-14T22:07:19,
requirements.txt,YES,file,426,2026-05-14T15:55:12,
environment.yml,YES,file,602,2026-05-14T15:55:12,
pyproject.toml,YES,file,1193,2026-05-14T15:54:38,
docs,YES,directory,,2026-06-12T00:52:34,
data/raw_manifest,YES,directory,,2026-05-14T15:54:40,
data/interim,YES,directory,,2026-04-29T16:30:06,
data/processed,YES,directory,,2026-06-12T00:52:34,
data/splits,YES,directory,,2026-04-29T20:38:06,
data/external_panel,YES,directory,,2026-05-14T15:48:30,
data/receptor_annotations,YES,directory,,2026-06-12T00:52:34,
data/source_data,YES,directory,,2026-06-12T00:52:34,
qm_calculations,NO,missing,,,
src,YES,directory,,2026-04-29T17:01:49,
scripts,YES,directory,,2026-06-12T00:52:34,
configs,YES,directory,,2026-06-12T00:52:34,
results,YES,directory,,2026-05-14T22:10:10,
notebooks,YES,directory,,2026-04-25T14:00:48,
figures,NO,missing,,,
models,NO,missing,,,
tests,YES,directory,,2026-04-29T20:37:49,
