label_id,raw_label,normalized_label,label_frequency
ODOR_001,alcoholic,alcoholic,78
ODOR_002,aldehydic,aldehydic,72
ODOR_003,alliaceous,alliaceous,70
ODOR_004,almond,almond,52
ODOR_005,animal,animal,94
ODOR_006,anisic,anisic,71
ODOR_007,apple,apple,239
ODOR_008,apricot,apricot,39
ODOR_009,aromatic,aromatic,62
ODOR_010,balsamic,balsamic,288
ODOR_011,banana,banana,78
ODOR_012,beefy,beefy,27
ODOR_013,berry,berry,108
ODOR_014,black currant,black currant,34
ODOR_015,brandy,brandy,30
ODOR_016,bread,bread,32
ODOR_017,brothy,brothy,24
ODOR_018,burnt,burnt,137
ODOR_019,buttery,buttery,100
ODOR_020,cabbage,cabbage,30
ODOR_021,camphoreous,camphoreous,124
ODOR_022,caramellic,caramellic,190
ODOR_023,catty,catty,17
ODOR_024,chamomile,chamomile,29
ODOR_025,cheesy,cheesy,152
ODOR_026,cherry,cherry,47
ODOR_027,chicken,chicken,34
ODOR_028,chocolate,chocolate,34
ODOR_029,cinnamon,cinnamon,42
ODOR_030,citrus,citrus,299
ODOR_031,cocoa,cocoa,75
ODOR_032,coconut,coconut,66
ODOR_033,coffee,coffee,65
ODOR_034,cognac,cognac,68
ODOR_035,coumarinic,coumarinic,51
ODOR_036,creamy,creamy,116
ODOR_037,cucumber,cucumber,38
ODOR_038,dairy,dairy,79
ODOR_039,dry,dry,96
ODOR_040,earthy,earthy,247
ODOR_041,ethereal,ethereal,194
ODOR_042,fatty,fatty,466
ODOR_043,fermented,fermented,98
ODOR_044,fishy,fishy,65
ODOR_045,floral,floral,880
ODOR_046,fresh,fresh,436
ODOR_047,fruity,fruity,1560
ODOR_048,garlic,garlic,86
ODOR_049,gasoline,gasoline,49
ODOR_050,grape,grape,55
ODOR_051,grapefruit,grapefruit,48
ODOR_052,grassy,grassy,37
ODOR_053,green,green,1128
ODOR_054,hay,hay,54
ODOR_055,hazelnut,hazelnut,37
ODOR_056,herbal,herbal,579
ODOR_057,honey,honey,104
ODOR_058,horseradish,horseradish,20
ODOR_059,jasmine,jasmine,80
ODOR_060,ketonic,ketonic,32
ODOR_061,leafy,leafy,104
ODOR_062,leathery,leathery,39
ODOR_063,lemon,lemon,40
ODOR_064,malty,malty,19
ODOR_065,meaty,meaty,221
ODOR_066,medicinal,medicinal,43
ODOR_067,melon,melon,100
ODOR_068,metallic,metallic,64
ODOR_069,milky,milky,63
ODOR_070,mint,mint,190
ODOR_071,mushroom,mushroom,75
ODOR_072,musk,musk,93
ODOR_073,musty,musty,144
ODOR_074,nutty,nutty,272
ODOR_076,oily,oily,227
ODOR_077,onion,onion,134
ODOR_078,orange,orange,65
ODOR_079,orris,orris,85
ODOR_080,peach,peach,55
ODOR_081,pear,pear,106
ODOR_082,phenolic,phenolic,100
ODOR_083,pine,pine,96
ODOR_084,pineapple,pineapple,148
ODOR_085,plum,plum,38
ODOR_086,popcorn,popcorn,29
ODOR_087,potato,potato,29
ODOR_088,pungent,pungent,128
ODOR_089,radish,radish,22
ODOR_090,ripe,ripe,38
ODOR_091,roasted,roasted,215
ODOR_092,rose,rose,263
ODOR_093,rum,rum,67
ODOR_094,savory,savory,86
ODOR_095,sharp,sharp,62
ODOR_096,smoky,smoky,52
ODOR_097,solvent,solvent,51
ODOR_098,sour,sour,53
ODOR_099,spicy,spicy,321
ODOR_100,strawberry,strawberry,30
ODOR_101,sulfurous,sulfurous,250
ODOR_102,sweet,sweet,1014
ODOR_103,tea,tea,41
ODOR_104,tobacco,tobacco,71
ODOR_105,tomato,tomato,26
ODOR_106,tropical,tropical,240
ODOR_107,vanilla,vanilla,78
ODOR_108,vegetable,vegetable,200
ODOR_109,violet,violet,50
ODOR_110,warm,warm,59
ODOR_111,waxy,waxy,315
ODOR_112,winey,winey,172
ODOR_113,woody,woody,498
