raw_label,normalized_label,action,source
alcoholic,alcoholic,normalized_only,leffingwell_data_cleaned.csv
aldehydic,aldehydic,normalized_only,leffingwell_data_cleaned.csv
alliaceous,alliaceous,normalized_only,leffingwell_data_cleaned.csv
almond,almond,normalized_only,leffingwell_data_cleaned.csv
animal,animal,normalized_only,leffingwell_data_cleaned.csv
anisic,anisic,normalized_only,leffingwell_data_cleaned.csv
apple,apple,normalized_only,leffingwell_data_cleaned.csv
apricot,apricot,normalized_only,leffingwell_data_cleaned.csv
aromatic,aromatic,normalized_only,leffingwell_data_cleaned.csv
balsamic,balsamic,normalized_only,leffingwell_data_cleaned.csv
banana,banana,normalized_only,leffingwell_data_cleaned.csv
beefy,beefy,normalized_only,leffingwell_data_cleaned.csv
berry,berry,normalized_only,leffingwell_data_cleaned.csv
black currant,black currant,normalized_only,leffingwell_data_cleaned.csv
brandy,brandy,normalized_only,leffingwell_data_cleaned.csv
bread,bread,normalized_only,leffingwell_data_cleaned.csv
brothy,brothy,normalized_only,leffingwell_data_cleaned.csv
burnt,burnt,normalized_only,leffingwell_data_cleaned.csv
buttery,buttery,normalized_only,leffingwell_data_cleaned.csv
cabbage,cabbage,normalized_only,leffingwell_data_cleaned.csv
camphoreous,camphoreous,normalized_only,leffingwell_data_cleaned.csv
caramellic,caramellic,normalized_only,leffingwell_data_cleaned.csv
catty,catty,normalized_only,leffingwell_data_cleaned.csv
chamomile,chamomile,normalized_only,leffingwell_data_cleaned.csv
cheesy,cheesy,normalized_only,leffingwell_data_cleaned.csv
cherry,cherry,normalized_only,leffingwell_data_cleaned.csv
chicken,chicken,normalized_only,leffingwell_data_cleaned.csv
chocolate,chocolate,normalized_only,leffingwell_data_cleaned.csv
cinnamon,cinnamon,normalized_only,leffingwell_data_cleaned.csv
citrus,citrus,normalized_only,leffingwell_data_cleaned.csv
cocoa,cocoa,normalized_only,leffingwell_data_cleaned.csv
coconut,coconut,normalized_only,leffingwell_data_cleaned.csv
coffee,coffee,normalized_only,leffingwell_data_cleaned.csv
cognac,cognac,normalized_only,leffingwell_data_cleaned.csv
coumarinic,coumarinic,normalized_only,leffingwell_data_cleaned.csv
creamy,creamy,normalized_only,leffingwell_data_cleaned.csv
cucumber,cucumber,normalized_only,leffingwell_data_cleaned.csv
dairy,dairy,normalized_only,leffingwell_data_cleaned.csv
dry,dry,normalized_only,leffingwell_data_cleaned.csv
earthy,earthy,normalized_only,leffingwell_data_cleaned.csv
ethereal,ethereal,normalized_only,leffingwell_data_cleaned.csv
fatty,fatty,normalized_only,leffingwell_data_cleaned.csv
fermented,fermented,normalized_only,leffingwell_data_cleaned.csv
fishy,fishy,normalized_only,leffingwell_data_cleaned.csv
floral,floral,normalized_only,leffingwell_data_cleaned.csv
fresh,fresh,normalized_only,leffingwell_data_cleaned.csv
fruity,fruity,normalized_only,leffingwell_data_cleaned.csv
garlic,garlic,normalized_only,leffingwell_data_cleaned.csv
gasoline,gasoline,normalized_only,leffingwell_data_cleaned.csv
grape,grape,normalized_only,leffingwell_data_cleaned.csv
grapefruit,grapefruit,normalized_only,leffingwell_data_cleaned.csv
grassy,grassy,normalized_only,leffingwell_data_cleaned.csv
green,green,normalized_only,leffingwell_data_cleaned.csv
hay,hay,normalized_only,leffingwell_data_cleaned.csv
hazelnut,hazelnut,normalized_only,leffingwell_data_cleaned.csv
herbal,herbal,normalized_only,leffingwell_data_cleaned.csv
honey,honey,normalized_only,leffingwell_data_cleaned.csv
horseradish,horseradish,normalized_only,leffingwell_data_cleaned.csv
jasmine,jasmine,normalized_only,leffingwell_data_cleaned.csv
ketonic,ketonic,normalized_only,leffingwell_data_cleaned.csv
leafy,leafy,normalized_only,leffingwell_data_cleaned.csv
leathery,leathery,normalized_only,leffingwell_data_cleaned.csv
lemon,lemon,normalized_only,leffingwell_data_cleaned.csv
malty,malty,normalized_only,leffingwell_data_cleaned.csv
meaty,meaty,normalized_only,leffingwell_data_cleaned.csv
medicinal,medicinal,normalized_only,leffingwell_data_cleaned.csv
melon,melon,normalized_only,leffingwell_data_cleaned.csv
metallic,metallic,normalized_only,leffingwell_data_cleaned.csv
milky,milky,normalized_only,leffingwell_data_cleaned.csv
mint,mint,normalized_only,leffingwell_data_cleaned.csv
mushroom,mushroom,normalized_only,leffingwell_data_cleaned.csv
musk,musk,normalized_only,leffingwell_data_cleaned.csv
musty,musty,normalized_only,leffingwell_data_cleaned.csv
nutty,nutty,normalized_only,leffingwell_data_cleaned.csv
odorless,odorless,normalized_only,leffingwell_data_cleaned.csv
oily,oily,normalized_only,leffingwell_data_cleaned.csv
onion,onion,normalized_only,leffingwell_data_cleaned.csv
orange,orange,normalized_only,leffingwell_data_cleaned.csv
orris,orris,normalized_only,leffingwell_data_cleaned.csv
peach,peach,normalized_only,leffingwell_data_cleaned.csv
pear,pear,normalized_only,leffingwell_data_cleaned.csv
phenolic,phenolic,normalized_only,leffingwell_data_cleaned.csv
pine,pine,normalized_only,leffingwell_data_cleaned.csv
pineapple,pineapple,normalized_only,leffingwell_data_cleaned.csv
plum,plum,normalized_only,leffingwell_data_cleaned.csv
popcorn,popcorn,normalized_only,leffingwell_data_cleaned.csv
potato,potato,normalized_only,leffingwell_data_cleaned.csv
pungent,pungent,normalized_only,leffingwell_data_cleaned.csv
radish,radish,normalized_only,leffingwell_data_cleaned.csv
ripe,ripe,normalized_only,leffingwell_data_cleaned.csv
roasted,roasted,normalized_only,leffingwell_data_cleaned.csv
rose,rose,normalized_only,leffingwell_data_cleaned.csv
rum,rum,normalized_only,leffingwell_data_cleaned.csv
savory,savory,normalized_only,leffingwell_data_cleaned.csv
sharp,sharp,normalized_only,leffingwell_data_cleaned.csv
smoky,smoky,normalized_only,leffingwell_data_cleaned.csv
solvent,solvent,normalized_only,leffingwell_data_cleaned.csv
sour,sour,normalized_only,leffingwell_data_cleaned.csv
spicy,spicy,normalized_only,leffingwell_data_cleaned.csv
strawberry,strawberry,normalized_only,leffingwell_data_cleaned.csv
sulfurous,sulfurous,normalized_only,leffingwell_data_cleaned.csv
sweet,sweet,normalized_only,leffingwell_data_cleaned.csv
tea,tea,normalized_only,leffingwell_data_cleaned.csv
tobacco,tobacco,normalized_only,leffingwell_data_cleaned.csv
tomato,tomato,normalized_only,leffingwell_data_cleaned.csv
tropical,tropical,normalized_only,leffingwell_data_cleaned.csv
vanilla,vanilla,normalized_only,leffingwell_data_cleaned.csv
vegetable,vegetable,normalized_only,leffingwell_data_cleaned.csv
violet,violet,normalized_only,leffingwell_data_cleaned.csv
warm,warm,normalized_only,leffingwell_data_cleaned.csv
waxy,waxy,normalized_only,leffingwell_data_cleaned.csv
winey,winey,normalized_only,leffingwell_data_cleaned.csv
woody,woody,normalized_only,leffingwell_data_cleaned.csv
