rank,feature,mean_abs_shap_seed_142,mean_abs_shap_seed_242,mean_abs_shap_seed_342,mean_abs_shap_seed_442,mean_abs_shap_seed_542,mean_abs_shap_seed_642,mean_abs_shap_seed_742,mean_abs_shap_seed_842,mean_abs_shap_seed_942,mean_abs_shap_seed_1042,mean_abs_shap_mean,mean_abs_shap_std_ddof0,mean_abs_shap_std_ddof1
1,fr_ester,4.196111956412574e-05,4.517779696110975e-05,4.293106262832102e-05,4.8445821362584014e-05,4.346427018739475e-05,4.417961453315773e-05,3.99813546407176e-05,4.42111766363595e-05,4.411948183358527e-05,4.54856662324226e-05,4.39957364579778e-05,2.125720254380713e-06,2.240705890731858e-06
2,TPSA,2.801858659467105e-05,2.8987296257041755e-05,3.118399675741259e-05,2.787619750411908e-05,2.7090482896181968e-05,2.9428266647044444e-05,3.1019308570364656e-05,3.237670501503212e-05,2.8796824048685283e-05,2.684402884516522e-05,2.9162169313571812e-05,1.7530551194998313e-06,1.8478823471460415e-06
3,n_rings,2.9803024903828835e-05,2.7968773200961452e-05,2.2607643237848252e-05,2.859613866497173e-05,2.42603820096404e-05,2.877942605716275e-05,2.282384926078503e-05,2.644875896993948e-05,3.096305754197556e-05,2.418051685665348e-05,2.6643157070376693e-05,2.853661397196704e-06,3.008023228680007e-06
4,FLU,2.2565575454811327e-05,2.45088947118792e-05,2.7133848395276272e-05,2.525202584855786e-05,2.3267793127476655e-05,2.467838841210367e-05,2.7723174543318965e-05,2.6426511778765085e-05,2.465438293514919e-05,2.5491629241423124e-05,2.5170222444876136e-05,1.5300463078863428e-06,1.6128104194840307e-06
5,Bird,2.4829104781046557e-05,2.6767630967692164e-05,2.7676456433305252e-05,2.465027517403175e-05,2.650904467780748e-05,2.390997298545307e-05,2.56424382688384e-05,2.474428918567581e-05,2.167819544389528e-05,2.480575393928185e-05,2.5121316185702765e-05,1.590845104367631e-06,1.6768979781099979e-06
6,Kappa3,2.1674728259505848e-05,1.9802662099023764e-05,2.3230728477213088e-05,2.2310776938800017e-05,2.1450332655785577e-05,2.0654239429015533e-05,2.5662664189647294e-05,2.3555905154084708e-05,2.2177473422307373e-05,2.1390311691407768e-05,2.21909822316791e-05,1.5663013913668205e-06,1.6510266330033154e-06
7,fr_benzene,1.821426477131681e-05,1.890668778741825e-05,2.0528385094561038e-05,1.9471071024538183e-05,2.18797754610874e-05,2.045826203030559e-05,2.1240903037723063e-05,1.9585947936624927e-05,1.9865221425708617e-05,2.173916905967969e-05,2.0188968762896357e-05,1.143842657529827e-06,1.2057160275514006e-06
8,Minimal_value,1.684277248845633e-05,1.5712535061807935e-05,1.909691150657465e-05,1.706213586968551e-05,1.7030601162577897e-05,1.6556366362128974e-05,1.6940354139666143e-05,1.5631394633260057e-05,1.5941870851751814e-05,1.5739233842210152e-05,1.6655417591811945e-05,9.838378394413797e-07,1.0370561402979334e-06
9,HOMA,1.6351414491511212e-05,1.4587801248963352e-05,1.2854661721068773e-05,1.3082096399064573e-05,1.6443897485537465e-05,1.4150795724817075e-05,1.440568324400687e-05,1.5261626966140573e-05,1.4509475345411192e-05,1.5233567526294446e-05,1.4688102015281555e-05,1.132566691843458e-06,1.193830116089124e-06
10,NumHAcceptors,1.352487674287525e-05,1.3479943976434811e-05,1.3666532432506342e-05,1.2402139960455104e-05,1.4364795034508424e-05,1.2982543852308217e-05,1.245286803905028e-05,1.271972857493557e-05,1.325698026814411e-05,1.2668159759439725e-05,1.3151856864065782e-05,5.910982418970502e-07,6.230722551052821e-07
11,NumRotatableBonds,1.2078861209913149e-05,1.0841905604854077e-05,1.2706755800537678e-05,1.178510427522952e-05,1.1456330330462552e-05,1.133610201708082e-05,1.107273257415825e-05,1.0471756737891824e-05,1.1811299790441067e-05,1.2229508661105218e-05,1.1579035700167413e-05,6.435019672382909e-07,6.783106317573505e-07
12,Ipc,1.035197382646739e-05,1.0711758295428044e-05,1.160042319719998e-05,1.096915874186244e-05,1.2201335100563933e-05,1.170941919798749e-05,1.1176161587173391e-05,1.0822257895705932e-05,1.013595936109048e-05,1.1082169475155662e-05,1.1076061667863474e-05,5.974153880412281e-07,6.29731111814533e-07
13,AV1245,1.3282062962783156e-05,1.0512559272871425e-05,8.55363770972441e-06,9.621591805095258e-06,9.83189334773207e-06,1.1529226646033544e-05,8.552613765615616e-06,9.509440651227445e-06,1.0905509677745122e-05,1.155351618848668e-05,1.0385205202731472e-05,1.4043400637479993e-06,1.4803044036232452e-06
14,Overall_surface_area,1.1098267354544015e-05,1.127754300728091e-05,9.011646768349053e-06,1.046100091133289e-05,1.0083584237409184e-05,1.1058738868283622e-05,9.800588965325226e-06,1.0830035748459365e-05,9.879811944238616e-06,9.951088838065502e-06,1.0345230664328838e-05,6.862437645095644e-07,7.233644419794818e-07
15,HOMO-LUMO_gap,1.2021736331554458e-05,9.69008133704044e-06,9.330179431839394e-06,9.107420992150469e-06,1.0288914465887654e-05,9.612440809796982e-06,1.0767927174653762e-05,9.508793040028933e-06,9.85246052335901e-06,1.1194369747464916e-05,1.0137432385377602e-05,8.805058065503824e-07,9.281346139009383e-07
16,fr_NH0,1.0190428805750111e-05,9.422739113821242e-06,8.84725696847769e-06,9.584966012513596e-06,9.218548909769396e-06,9.525244634950988e-06,9.315755791266194e-06,9.819485641623069e-06,9.862352408467386e-06,1.0490027257014938e-05,9.62768055436546e-06,4.5609789280274296e-07,4.807693924199954e-07
17,FractionCSP3,9.26944566282896e-06,7.919736403687258e-06,8.43319640148477e-06,9.87339692547479e-06,9.142743890136974e-06,8.619132973767068e-06,1.04558006619414e-05,9.434734877201075e-06,1.0348557063785623e-05,8.481104191431039e-06,9.197784905173895e-06,8.058607031833468e-07,8.494517662947596e-07
18,Overall_variance,8.94186836215139e-06,9.395438368850118e-06,7.662728120326933e-06,8.571946349741814e-06,9.411092829638431e-06,9.792828133195216e-06,8.63266628284775e-06,9.517832555355397e-06,8.689629298935664e-06,1.0108085057543412e-05,9.072411535858612e-06,6.785044833032687e-07,7.152065232913386e-07
19,NumAromaticRings,7.1138826383833016e-06,1.0456054775502144e-05,9.725707690172816e-06,9.08089864033504e-06,8.805569015736818e-06,9.030934031949009e-06,9.767173915875972e-06,8.451226608868107e-06,8.793781966997646e-06,8.577671468607605e-06,8.980290075242845e-06,8.576829997645801e-07,9.040772632205778e-07
20,NumAromaticHeterocycles,8.176636546876e-06,9.495225696083192e-06,8.641397551157507e-06,8.476724774228074e-06,8.315240325012065e-06,7.977012727931385e-06,7.84306574546743e-06,7.801640981594955e-06,8.71256271531165e-06,8.97110704642404e-06,8.441061411008629e-06,5.074327595445602e-07,5.348810931817852e-07
21,Maximal_value,9.010412922421689e-06,8.131259709388153e-06,7.992049220324259e-06,7.94253120433999e-06,7.662087686477637e-06,9.731600504786224e-06,8.234915778764967e-06,8.228848672513475e-06,8.399482918115099e-06,7.880718942190998e-06,8.32139075593225e-06,5.833185950180313e-07,6.148717872621088e-07
22,MolLogP,7.608170799862204e-06,7.928845419162622e-06,7.372867188767903e-06,6.759036430523875e-06,7.493410849519047e-06,8.091279671537232e-06,7.632214872799818e-06,6.597317529300692e-06,7.411680670717341e-06,7.197338270913909e-06,7.409216170310464e-06,4.4269153478285766e-07,4.666378502631613e-07
23,First_vertical_IP,6.16140049700092e-06,6.590739190400187e-06,6.740785162499849e-06,5.714659044848341e-06,6.472709218000818e-06,6.371786879246112e-06,6.202101023751795e-06,6.475312222039868e-06,6.062968854573623e-06,6.092010854809427e-06,6.288447294717094e-06,2.8531801652035285e-07,3.007515965619548e-07
24,BalabanJ,6.794376683766025e-06,6.280429318625614e-06,6.845713431524199e-06,6.3218911986030206e-06,6.363563662112313e-06,5.324262927975187e-06,5.4865866076238266e-06,5.775619358832365e-06,6.035676408885915e-06,6.020028900747264e-06,6.124814849869573e-06,4.771944757130106e-07,5.030071433676718e-07
25,Chi2v,5.456935444206091e-06,5.537240998023543e-06,5.823977731659797e-06,5.517003881919661e-06,5.927886928440049e-06,6.000811384448408e-06,5.787005040772786e-06,5.987448113902972e-06,5.787555495739282e-06,5.194185354255128e-06,5.702005037336772e-06,2.5110145033401255e-07,2.646841689423759e-07
26,Polar_surface_area,5.2862532384573145e-06,5.417406903528991e-06,4.864816247636238e-06,5.3049165462260006e-06,5.403043509470786e-06,4.880811235156903e-06,4.6315784218113485e-06,4.597191455110138e-06,4.644144445771575e-06,5.138959675273745e-06,5.016912167844304e-06,3.138694242236125e-07,3.308474228107472e-07
27,Molecular_polarity_index,4.786884423794168e-06,4.425967034707835e-06,4.184911816109556e-06,4.606207769004855e-06,4.614561969894811e-06,4.483661292062193e-06,4.581608163074859e-06,4.625343951734492e-06,4.582336936792535e-06,4.498546229062867e-06,4.539002958623818e-06,1.502250911220762e-07,1.583511498840336e-07
28,Mulliken_electronegativity,3.6926074549056575e-06,3.834117835000865e-06,3.9200295085709625e-06,3.434741018414504e-06,3.6967179758595383e-06,3.465001732350739e-06,3.672918358891625e-06,3.7289732423162032e-06,3.806075447977142e-06,3.9175686107885816e-06,3.716875118507582e-06,1.5791319821207749e-07,1.6645512631726463e-07
29,fr_allylic_oxid,2.9357910530003256e-06,4.0744246336112175e-06,3.6858889780805543e-06,3.2584032384979907e-06,3.474157164526119e-06,3.3096009271769207e-06,3.637640468036739e-06,3.4502481566079543e-06,3.829055583398248e-06,3.4197349894697634e-06,3.5074945192405828e-06,3.022775673198323e-07,3.1862853276851634e-07
30,LUMO_energy,3.1363498793024883e-06,3.390100599786282e-06,3.003618643068232e-06,3.484280879628393e-06,2.9421951596272087e-06,3.48733141218525e-06,3.009178470519178e-06,3.4813473993644246e-06,3.1863947510158707e-06,3.2500256129001804e-06,3.237082280739751e-06,2.032484766153107e-07,2.1424270568795075e-07
31,Overall_average_value,3.1651199377259625e-06,2.893668345243655e-06,3.367674514614291e-06,2.9821575057362723e-06,2.9433266471025355e-06,3.0067406041402096e-06,3.216652154222521e-06,3.347097609820674e-06,3.178819962554909e-06,3.606810233438351e-06,3.1708067514599383e-06,2.128830440059113e-07,2.2439843142951177e-07
32,Magnitude_of_dipole_moment,2.379823146613753e-06,2.6686178674880336e-06,2.652955142573008e-06,2.6369938834955954e-06,2.631908833774957e-06,2.6594524351863685e-06,2.620550516439231e-06,2.4783887119133854e-06,2.437558506897511e-06,2.061599726461494e-06,2.5227848770843335e-06,1.826920329527396e-07,1.9257431149906462e-07
33,Polarizability_anisotropy_def1,1.948463532689538e-06,2.2740843148458048e-06,2.114027095875633e-06,2.535135822238478e-06,2.3102085631693216e-06,2.060732326084104e-06,2.552259130294086e-06,2.3768101268000907e-06,2.372834332025306e-06,2.3445340160797e-06,2.2889089260102065e-06,1.862981440542325e-07,1.9637548635784336e-07
