descriptor,constant_value,n_unique_non_na
EState_VSA11,0.0,1
NumRadicalElectrons,0.0,1
SMR_VSA8,0.0,1
SlogP_VSA9,0.0,1
fr_alkyl_carbamate,0.0,1
fr_azide,0.0,1
fr_azo,0.0,1
fr_barbitur,0.0,1
fr_benzodiazepine,0.0,1
fr_diazo,0.0,1
fr_dihydropyridine,0.0,1
fr_guanido,0.0,1
fr_hdrzone,0.0,1
fr_imide,0.0,1
fr_isocyan,0.0,1
fr_lactam,0.0,1
fr_morpholine,0.0,1
fr_nitro_arom_nonortho,0.0,1
fr_nitroso,0.0,1
fr_phos_acid,0.0,1
fr_phos_ester,0.0,1
fr_prisulfonamd,0.0,1
fr_sulfone,0.0,1
fr_tetrazole,0.0,1
fr_thiocyan,0.0,1
fr_urea,0.0,1
