model,representation,file_size_bytes,json_readable,n_folds,has_test_micro_auc,has_test_macro_auc,has_per_label_auc,status
CNN,ECFP4,5750,True,5,True,True,True,OK_STD_RECOMPUTED
CNN,QM,6265,True,5,True,True,True,OK_STD_RECOMPUTED
CNN,RDKit,6032,True,5,True,True,True,OK_STD_RECOMPUTED
CNN,RDKit+QM,6836,True,5,True,True,True,OK_STD_RECOMPUTED
LogReg,ECFP4,22243,True,5,True,True,True,OK
LogReg,QM,22183,True,5,True,True,True,OK
LogReg,RDKit,22195,True,5,True,True,True,OK
LogReg,RDKit+QM,22241,True,5,True,True,True,OK
MLP,ECFP4,5485,True,5,True,True,True,OK_STD_RECOMPUTED
MLP,QM,6779,True,5,True,True,True,OK_STD_RECOMPUTED
MLP,RDKit,6303,True,5,True,True,True,OK_STD_RECOMPUTED
MLP,RDKit+QM,7849,True,5,True,True,True,OK_STD_RECOMPUTED
RF,ECFP4,22285,True,5,True,True,True,OK
RF,QM,22320,True,5,True,True,True,OK
RF,RDKit,22304,True,5,True,True,True,OK
RF,RDKit+QM,22364,True,5,True,True,True,OK
SVM,ECFP4,22299,True,5,True,True,True,OK
SVM,QM,22198,True,5,True,True,True,OK
SVM,RDKit,22207,True,5,True,True,True,OK
SVM,RDKit+QM,22206,True,5,True,True,True,OK
XGBoost,ECFP4,22371,True,5,True,True,True,OK
XGBoost,QM,22396,True,5,True,True,True,OK
XGBoost,RDKit,22396,True,5,True,True,True,OK
XGBoost,RDKit+QM,22421,True,5,True,True,True,OK
