file_name,parsed_model,parsed_representation,file_size_bytes,json_readable,status,warning
CNN__ECFP4__summary.json,CNN,ECFP4,5750,True,OK_STD_RECOMPUTED,
CNN__QM__summary.json,CNN,QM,6265,True,OK_STD_RECOMPUTED,
CNN__Rdkit+QM__summary.json,CNN,RDKit+QM,6836,True,OK_STD_RECOMPUTED,
CNN__Rdkit__summary.json,CNN,RDKit,6032,True,OK_STD_RECOMPUTED,
logreg__ECFP4__summary.json,LogReg,ECFP4,22243,True,OK,
logreg__QM__summary.json,LogReg,QM,22183,True,OK,
logreg__Rdkit+QM__summary.json,LogReg,RDKit+QM,22241,True,OK,
logreg__Rdkit__summary.json,LogReg,RDKit,22195,True,OK,
MLP__ECFP4__summary.json,MLP,ECFP4,5485,True,OK_STD_RECOMPUTED,
MLP__QM__summary.json,MLP,QM,6779,True,OK_STD_RECOMPUTED,
MLP__Rdkit+QM__summary.json,MLP,RDKit+QM,7849,True,OK_STD_RECOMPUTED,
MLP__Rdkit__summary.json,MLP,RDKit,6303,True,OK_STD_RECOMPUTED,
RF__ECFP4__summary.json,RF,ECFP4,22285,True,OK,
RF__QM+Rdkit__summary.json,RF,RDKit+QM,22364,True,OK,
RF__QM__summary.json,RF,QM,22320,True,OK,
RF__Rdkit__summary.json,RF,RDKit,22304,True,OK,
SVM__ECFP4__summary.json,SVM,ECFP4,22299,True,OK,
SVM__QM__summary.json,SVM,QM,22198,True,OK,
SVM__Rdkit+QM__summary.json,SVM,RDKit+QM,22206,True,OK,
SVM__Rdkit__summary.json,SVM,RDKit,22207,True,OK,
XGBoost__ECFP4__summary.json,XGBoost,ECFP4,22371,True,OK,
XGBoost__QM__summary.json,XGBoost,QM,22396,True,OK,
XGBoost__Rdkit+QM__summary.json,XGBoost,RDKit+QM,22421,True,OK,
XGBoost__Rdkit__summary.json,XGBoost,RDKit,22396,True,OK,
