model,representation,metric,mean_reported,std_reported,n_folds,per_fold_values,mean_recomputed,std_recomputed_ddof0,std_recomputed_ddof1,mean_abs_error,std_abs_error_ddof0,std_abs_error_ddof1,mean_check_status,std_check_status,warning
CNN,ECFP4,train_roc_auc_micro,0.9038159865451252,,5,"[0.8988845098693332, 0.9039683730356444, 0.9043086076017331, 0.9053083502439809, 0.9066100919749336]",0.9038159865451252,0.002631331750818726,0.0029419183330921046,0.0,,,MEAN_OK,STD_MISSING,
CNN,ECFP4,train_roc_auc_macro,0.8528379165226883,,5,"[0.8438759731067949, 0.8537299245359108, 0.8526960705848277, 0.8546966768810814, 0.8591909375048259]",0.8528379165226883,0.004998961772705025,0.0055890091703456445,0.0,,,MEAN_OK,STD_MISSING,
CNN,ECFP4,test_roc_auc_micro,0.8832196752067369,,5,"[0.8808520253753872, 0.8846114846106378, 0.8840610690699292, 0.8806222052473383, 0.885951591730392]",0.8832196752067369,0.002119483939825575,0.00236965508333453,0.0,,,MEAN_OK,STD_MISSING,
CNN,ECFP4,test_roc_auc_macro,0.8055611463626668,,5,"[0.7993348239385926, 0.8126304113055948, 0.8049025619225049, 0.7982380964918834, 0.8126998381547591]",0.8055611463626668,0.006225163630606517,0.006959944524547782,0.0,,,MEAN_OK,STD_MISSING,
CNN,QM,train_roc_auc_micro,0.9530393116665191,,5,"[0.9507232174275143, 0.9541784970844789, 0.9528916230150203, 0.9574255491616552, 0.9499776716439265]",0.9530393116665191,0.0026569368404199423,0.002970545693551251,0.0,,,MEAN_OK,STD_MISSING,
CNN,QM,train_roc_auc_macro,0.9349529404519826,,5,"[0.9312301968157767, 0.9361209496629116, 0.9355994384933028, 0.9420643897536196, 0.9297497275343021]",0.9349529404519826,0.004319424990704866,0.004829263951463739,0.0,,,MEAN_OK,STD_MISSING,
CNN,QM,test_roc_auc_micro,0.9132636302319159,,5,"[0.9092165082369165, 0.9146186534634193, 0.915984211707697, 0.9127334759888264, 0.9137653017627205]",0.9132636302319159,0.0022869012139998886,0.002556833286165272,0.0,,,MEAN_OK,STD_MISSING,
CNN,QM,test_roc_auc_macro,0.8555999416469404,,5,"[0.8507261406892846, 0.8590351469762864, 0.8598443287429113, 0.8529505237576537, 0.8554435680685663]",0.8555999416469404,0.0034817599313606657,0.003892725943928725,0.0,,,MEAN_OK,STD_MISSING,
CNN,RDKit+QM,train_roc_auc_micro,0.969970496217743,,5,"[0.9667045596957378, 0.970052051870082, 0.9701013260452229, 0.9713430250697823, 0.9716515184078897]",0.969970496217743,0.0017549803524484462,0.001962127683625633,0.0,,,MEAN_OK,STD_MISSING,
CNN,RDKit+QM,train_roc_auc_macro,0.9604425653668729,,5,"[0.9550540443999967, 0.9606659145511205, 0.9606620390656734, 0.9629129491821143, 0.9629178796354589]",0.9604425653668729,0.00287625411589121,0.0032157498618481514,0.0,,,MEAN_OK,STD_MISSING,
CNN,RDKit+QM,test_roc_auc_micro,0.9262640923679288,,5,"[0.9266718076919634, 0.9262937694702236, 0.9274201127676879, 0.9232380973771173, 0.9276966745326516]",0.9262640923679288,0.0015945176714988627,0.001782724952398068,0.0,,,MEAN_OK,STD_MISSING,
CNN,RDKit+QM,test_roc_auc_macro,0.8783718397251647,,5,"[0.8790198384746619, 0.8802066273991098, 0.8808749488485833, 0.8683769183836628, 0.8833808655198051]",0.8783718397251647,0.005196935549066103,0.0058103505811985,0.0,,,MEAN_OK,STD_MISSING,
CNN,RDKit,train_roc_auc_micro,0.9417698950886596,,5,"[0.9396552798915815, 0.9416371288540647, 0.9393085494257085, 0.9422006320520213, 0.9460478852199227]",0.9417698950886596,0.0024097377729570746,0.0026941687341404865,0.0,,,MEAN_OK,STD_MISSING,
CNN,RDKit,train_roc_auc_macro,0.9157524506773363,,5,"[0.9112133249180812, 0.9154394541645375, 0.9122722123586324, 0.9170169527497577, 0.922820309195673]",0.9157524506773363,0.004107731192683273,0.004592583090068042,0.0,,,MEAN_OK,STD_MISSING,
CNN,RDKit,test_roc_auc_micro,0.9135704746086297,,5,"[0.9149972290226636, 0.912943654499891, 0.9128105864905994, 0.9136256651753933, 0.9134752378546007]",0.9135704746086297,0.0007769269716756578,0.0008686307611099123,0.0,,,MEAN_OK,STD_MISSING,
CNN,RDKit,test_roc_auc_macro,0.8579182886241501,,5,"[0.8591333633757756, 0.8575793502989387, 0.856070826487313, 0.8578784716949129, 0.8589294312638106]",0.8579182886241501,0.0010980343357996584,0.0012276397082384336,0.0,,,MEAN_OK,STD_MISSING,
LogReg,ECFP4,train_roc_auc_micro,0.9957756322056024,0.00010173668117432174,5,"[0.9958728892326643, 0.9957017158749575, 0.9956403829992029, 0.9959099289876717, 0.9957532439335156]",0.9957756322056024,0.00010173668117432174,0.00011374506745550328,0.0,0.0,1.2008386281181532e-05,MEAN_OK,STD_OK_DDOF0,
LogReg,ECFP4,train_roc_auc_macro,0.9948233371677402,0.0001469762831353127,5,"[0.9950124941077476, 0.9946466905939901, 0.9946981044999301, 0.9949771390680268, 0.994782257569006]",0.9948233371677402,0.0001469762831353127,0.00016432448008540755,0.0,0.0,1.734819695009486e-05,MEAN_OK,STD_OK_DDOF0,
LogReg,ECFP4,test_roc_auc_micro,0.9210790273615579,0.00164086939751006,5,"[0.9196862692972232, 0.9189992208117755, 0.9229009053148255, 0.9230258137545995, 0.9207829276293664]",0.9210790273615579,0.00164086939751006,0.001834547757515809,0.0,0.0,0.00019367836000574903,MEAN_OK,STD_OK_DDOF0,
LogReg,ECFP4,test_roc_auc_macro,0.8744046128580173,0.0029423719965241363,5,"[0.8712126714898198, 0.8717014878338231, 0.8777589799975942, 0.8780533059185729, 0.8732966190502766]",0.8744046128580173,0.0029423719965241363,0.003289671899659872,0.0,0.0,0.0003472999031357356,MEAN_OK,STD_OK_DDOF0,
LogReg,QM,train_roc_auc_micro,0.9241205996674837,0.0004602854312649384,5,"[0.9246270819656702, 0.9245141158391282, 0.9233689248069836, 0.9238568078902383, 0.9242360678353984]",0.9241205996674837,0.0004602854312649384,0.0005146147566806047,0.0,0.0,5.43293254156663e-05,MEAN_OK,STD_OK_DDOF0,
LogReg,QM,train_roc_auc_macro,0.8819314677438722,0.000849543102994163,5,"[0.8828350289823362, 0.882756024611704, 0.8812816157809108, 0.8806477999290311, 0.8821368694153789]",0.8819314677438722,0.000849543102994163,0.0009498180640555268,0.0,0.0,0.00010027496106136376,MEAN_OK,STD_OK_DDOF0,
LogReg,QM,test_roc_auc_micro,0.9040552339947876,0.0016380240206389366,5,"[0.902255323604374, 0.9023053089639412, 0.9065620297755456, 0.9049547138007474, 0.9041987938293297]",0.9040552339947876,0.0016380240206389366,0.0018313665294630904,0.0,0.0,0.0001933425088241538,MEAN_OK,STD_OK_DDOF0,
LogReg,QM,test_roc_auc_macro,0.8357653010162617,0.002392700598679129,5,"[0.8332758498482045, 0.834797860259956, 0.8403229582243492, 0.8354533410118903, 0.8349764957369089]",0.8357653010162617,0.002392700598679129,0.002675120594225488,0.0,0.0,0.0002824199955463588,MEAN_OK,STD_OK_DDOF0,
LogReg,RDKit+QM,train_roc_auc_micro,0.9519826831095429,0.0004768367895775474,5,"[0.9525416370666886, 0.9523186729507548, 0.9511426302316324, 0.9520018883492448, 0.9519085869493933]",0.9519826831095429,0.0004768367895775474,0.0005331197378340796,0.0,0.0,5.6282948256532216e-05,MEAN_OK,STD_OK_DDOF0,
LogReg,RDKit+QM,train_roc_auc_macro,0.9313300753525009,0.0007768424468441712,5,"[0.9322329830564803, 0.9312545736133246, 0.9299134716970483, 0.931534854306946, 0.9317144940887052]",0.9313300753525009,0.0007768424468441712,0.0008685362594754169,0.0,0.0,9.169381263124572e-05,MEAN_OK,STD_OK_DDOF0,
LogReg,RDKit+QM,test_roc_auc_micro,0.9200201652437314,0.0014448117500445337,5,"[0.9185250375131362, 0.9180987915199886, 0.9217933751021251, 0.9209308172541097, 0.9207528048292979]",0.9200201652437314,0.0014448117500445337,0.001615348643895006,0.0,0.0,0.00017053689385047237,MEAN_OK,STD_OK_DDOF0,
LogReg,RDKit+QM,test_roc_auc_macro,0.8672793154090763,0.0032358476619244896,5,"[0.8632137004325665, 0.8677201269468133, 0.8729597982898014, 0.8670417970672377, 0.8654611543089624]",0.8672793154090763,0.0032358476619244896,0.003617787668448459,0.0,0.0,0.0003819400065239692,MEAN_OK,STD_OK_DDOF0,
LogReg,RDKit,train_roc_auc_micro,0.9219253439108442,0.0009439532180609936,5,"[0.9220995381810541, 0.9231769490653807, 0.9202495696872302, 0.9219530782017454, 0.9221475844188105]",0.9219253439108442,0.0009439532180609936,0.001055371781582032,0.0,0.0,0.00011141856352103838,MEAN_OK,STD_OK_DDOF0,
LogReg,RDKit,train_roc_auc_macro,0.8794574736081341,0.001845560219108003,5,"[0.878926142625034, 0.8818365253762762, 0.8763639678797946, 0.8794710652801252, 0.8806896668794398]",0.8794574736081341,0.001845560219108003,0.0020633990532474503,0.0,0.0,0.00021783883413944733,MEAN_OK,STD_OK_DDOF0,
LogReg,RDKit,test_roc_auc_micro,0.906780517110743,0.001964438957774258,5,"[0.9067907602172354, 0.9041677191696957, 0.9098966246843021, 0.9076696660167879, 0.9053778154656946]",0.906780517110743,0.001964438957774258,0.00219630952361604,0.0,0.0,0.00023187056584178176,MEAN_OK,STD_OK_DDOF0,
LogReg,RDKit,test_roc_auc_macro,0.8460238552246875,0.0058260739493122314,5,"[0.8472327768115989, 0.8436726248629733, 0.8541169997601646, 0.8485928506880528, 0.8365040240006473]",0.8460238552246875,0.0058260739493122314,0.006513748696301407,0.0,0.0,0.0006876747469891755,MEAN_OK,STD_OK_DDOF0,
MLP,ECFP4,train_roc_auc_micro,0.9872219567557282,,5,"[0.9876281639229636, 0.9858878827070066, 0.9870562955844767, 0.9880489391451385, 0.9874885024190555]",0.9872219567557282,0.000738532046275541,0.000825703929517065,0.0,,,MEAN_OK,STD_MISSING,
MLP,ECFP4,train_roc_auc_macro,0.9829893017504151,,5,"[0.9835291969480894, 0.9808944319665798, 0.9831921278576655, 0.9838518627092236, 0.9834788892705172]",0.9829893017504151,0.0010681584164327698,0.001194237414941101,0.0,,,MEAN_OK,STD_MISSING,
MLP,ECFP4,test_roc_auc_micro,0.8979323880906585,,5,"[0.9037089964693108, 0.8961927756090212, 0.8960880421321117, 0.8917722823434555, 0.9018998438993925]",0.8979323880906585,0.0043239952907553544,0.00483437370225897,0.0,,,MEAN_OK,STD_MISSING,
MLP,ECFP4,test_roc_auc_macro,0.8426063144734602,,5,"[0.8531093073481334, 0.841078178840733, 0.840812475472095, 0.8307771310403929, 0.8472544796659464]",0.8426063144734602,0.007448502353494426,0.008327678796490353,0.0,,,MEAN_OK,STD_MISSING,
MLP,QM,train_roc_auc_micro,0.9521186968747507,,5,"[0.9516526509849736, 0.9518434215216459, 0.9521304396973881, 0.9521636630018026, 0.9528033091679436]",0.9521186968747507,0.00039085269088532304,0.00043698659300414735,0.0,,,MEAN_OK,STD_MISSING,
MLP,QM,train_roc_auc_macro,0.9319496765227704,,5,"[0.9312499492768688, 0.9320797229642229, 0.9317523029152454, 0.9319280198664727, 0.9327383875910421]",0.9319496765227704,0.00048332614175425836,0.0005403750541326106,0.0,,,MEAN_OK,STD_MISSING,
MLP,QM,test_roc_auc_micro,0.9230082621967194,,5,"[0.9243742206414853, 0.9241376525735226, 0.9233154275724388, 0.9184415809257362, 0.9247724292704136]",0.9230082621967194,0.0023324913272610047,0.0026078045823421576,0.0,,,MEAN_OK,STD_MISSING,
MLP,QM,test_roc_auc_macro,0.8740859835445555,,5,"[0.8740941275925982, 0.8767171702894269, 0.8725100919988643, 0.8680242574102847, 0.8790842704316033]",0.8740859835445555,0.003771844103560549,0.004217049908046572,0.0,,,MEAN_OK,STD_MISSING,
MLP,RDKit+QM,train_roc_auc_micro,0.9612180370831602,,5,"[0.9609322417140413, 0.9611029030825825, 0.9606454113526435, 0.9621096229348225, 0.9613000063317115]",0.9612180370831602,0.0004948695478489396,0.0005532809744924069,0.0,,,MEAN_OK,STD_MISSING,
MLP,RDKit+QM,train_roc_auc_macro,0.9453062054957856,,5,"[0.9446903662567516, 0.9451193476294123, 0.9441822860962172, 0.9473933265037051, 0.9451457009928416]",0.9453062054957856,0.0011008364496554349,0.0012307725667695386,0.0,,,MEAN_OK,STD_MISSING,
MLP,RDKit+QM,test_roc_auc_micro,0.9326882488611161,,5,"[0.9342854191205232, 0.9334476357106423, 0.933665605649723, 0.9280122518367324, 0.9340303319879601]",0.9326882488611161,0.00235580062010385,0.0026338651639941832,0.0,,,MEAN_OK,STD_MISSING,
MLP,RDKit+QM,test_roc_auc_macro,0.8919180148689762,,5,"[0.892217054910342, 0.8940177055213697, 0.8920467340980501, 0.8828291880544006, 0.8984793917607184]",0.8919180148689762,0.005102413820984341,0.005704672076527715,0.0,,,MEAN_OK,STD_MISSING,
MLP,RDKit,train_roc_auc_micro,0.9332892193077089,,5,"[0.9315737359773895, 0.9338343363223907, 0.9359290513494001, 0.9332530173442626, 0.9318559555451027]",0.9332892193077089,0.0015661611934916714,0.0017510214461847892,0.0,,,MEAN_OK,STD_MISSING,
MLP,RDKit,train_roc_auc_macro,0.8963079836868918,,5,"[0.8938773204416327, 0.8952759307729375, 0.9016043359137281, 0.8965186616872673, 0.8942636696188934]",0.8963079836868918,0.0028017212269684367,0.0031324195587527706,0.0,,,MEAN_OK,STD_MISSING,
MLP,RDKit,test_roc_auc_micro,0.9169665078452448,,5,"[0.9167836082352769, 0.9178479540191813, 0.9184582786582349, 0.9155234441866116, 0.9162192541269192]",0.9169665078452448,0.0010655140192209825,0.001191280888978567,0.0,,,MEAN_OK,STD_MISSING,
MLP,RDKit,test_roc_auc_macro,0.8639285451061749,,5,"[0.8616994460578952, 0.8657249129008129, 0.8679155882135404, 0.8599036941342973, 0.8643990842243287]",0.8639285451061749,0.002846512426397666,0.003182497642111524,0.0,,,MEAN_OK,STD_MISSING,
RF,ECFP4,train_roc_auc_micro,0.911321114835531,0.0006557438896627858,5,"[0.9120419502028879, 0.9118587590606029, 0.9101831135050195, 0.9111211782269263, 0.9114005731822183]",0.911321114835531,0.0006557438896627858,0.0007331439565580553,0.0,0.0,7.740006689526953e-05,MEAN_OK,STD_OK_DDOF0,
RF,ECFP4,train_roc_auc_macro,0.9399370413323226,0.000759624163348668,5,"[0.9409210329450745, 0.9391041504823888, 0.9395599408005977, 0.9407764897445624, 0.9393235926889895]",0.9399370413323226,0.000759624163348668,0.000849285633299513,0.0,0.0,8.966146995084494e-05,MEAN_OK,STD_OK_DDOF0,
RF,ECFP4,test_roc_auc_micro,0.8859752183184162,0.0010540657613133675,5,"[0.88620184465714, 0.884651001951645, 0.8877436744757807, 0.8860858215752517, 0.8851937489322631]",0.8859752183184162,0.0010540657613133675,0.0011784813475258786,0.0,0.0,0.00012441558621251116,MEAN_OK,STD_OK_DDOF0,
RF,ECFP4,test_roc_auc_macro,0.8662213358314583,0.0028649072704963184,5,"[0.8675335985484068, 0.8633270428591414, 0.8692957901813292, 0.868666798008376, 0.8622834495600378]",0.8662213358314583,0.0028649072704963184,0.0032030637030315725,0.0,0.0,0.0003381564325352542,MEAN_OK,STD_OK_DDOF0,
RF,RDKit+QM,train_roc_auc_micro,0.9724587704008071,0.00021292659216500722,5,"[0.9725515727987212, 0.97224690281262, 0.9721644256970388, 0.9726888829682753, 0.9726420677273805]",0.9724587704008071,0.00021292659216500722,0.0002380591671491651,0.0,0.0,2.513257498415789e-05,MEAN_OK,STD_OK_DDOF0,
RF,RDKit+QM,train_roc_auc_macro,0.9758703967970723,0.00033858140173605476,5,"[0.9764197388519918, 0.9754435543235387, 0.9756442568002891, 0.9760500952114664, 0.9757943387980755]",0.9758703967970723,0.00033858140173605476,0.00037854551509949186,0.0,0.0,3.99641133634371e-05,MEAN_OK,STD_OK_DDOF0,
RF,RDKit+QM,test_roc_auc_micro,0.9282170559402685,0.0011134433267641832,5,"[0.9273687279418591, 0.9284033370048738, 0.9301715231518061, 0.9281990583504404, 0.9269426332523633]",0.9282170559402685,0.0011134433267641832,0.0012448674838691125,0.0,0.0,0.00013142415710492932,MEAN_OK,STD_OK_DDOF0,
RF,RDKit+QM,test_roc_auc_macro,0.8885990376961475,0.003725106195423029,5,"[0.8860105568344443, 0.8892998108692632, 0.8943858045939582, 0.8898977970362124, 0.8834012191468589]",0.8885990376961475,0.003725106195423029,0.004164795338185754,0.0,0.0,0.0004396891427627253,MEAN_OK,STD_OK_DDOF0,
RF,QM,train_roc_auc_micro,0.9543305532401092,0.00024683908759794284,5,"[0.9544947968839782, 0.9540557000032717, 0.9540062253921554, 0.9545823261714145, 0.9545137177497258]",0.9543305532401092,0.00024683908759794284,0.00027597448968651276,0.0,0.0,2.9135402088569917e-05,MEAN_OK,STD_OK_DDOF0,
RF,QM,train_roc_auc_macro,0.9564542920023543,0.00062184063531807,5,"[0.9572847471934366, 0.9557623032766773, 0.9557740389938095, 0.957003945182274, 0.9564464253655742]",0.9564542920023543,0.00062184063531807,0.0006952389658714305,0.0,0.0,7.339833055336053e-05,MEAN_OK,STD_OK_DDOF0,
RF,QM,test_roc_auc_micro,0.9146248874255003,0.0012380671905798577,5,"[0.9138384458652333, 0.9144929238962269, 0.9165626142556507, 0.9152886517695682, 0.912941801340822]",0.9146248874255003,0.0012380671905798577,0.0013842011994243746,0.0,0.0,0.00014613400884451694,MEAN_OK,STD_OK_DDOF0,
RF,QM,test_roc_auc_macro,0.8669107149887992,0.0047566441265334825,5,"[0.8655974058815755, 0.8660230308922505, 0.8723110440233292, 0.8714889967456771, 0.8591330974011637]",0.8669107149887992,0.0047566441265334825,0.005318089805851989,0.0,0.0,0.0005614456793185067,MEAN_OK,STD_OK_DDOF0,
RF,RDKit,train_roc_auc_micro,0.9367863144713896,0.0004951476523606756,5,"[0.9370507469117468, 0.9367166353811798, 0.9358625143446467, 0.9370245148181173, 0.9372771609012578]",0.9367863144713896,0.0004951476523606756,0.0005535919047889524,0.0,0.0,5.844425242827679e-05,MEAN_OK,STD_OK_DDOF0,
RF,RDKit,train_roc_auc_macro,0.9300513447147256,0.0007079480278787338,5,"[0.9312329403662117, 0.9295673645506509, 0.9291340259802993, 0.9302316894200008, 0.9300907032564657]",0.9300513447147256,0.0007079480278787338,0.0007915099574368825,0.0,0.0,8.356192955814867e-05,MEAN_OK,STD_OK_DDOF0,
RF,RDKit,test_roc_auc_micro,0.9089398670108271,0.001129003433349908,5,"[0.9085640039923619, 0.9085866056890247, 0.9109619772593722, 0.909062250202655, 0.9075244979107211]",0.9089398670108271,0.001129003433349908,0.0012622642119005237,0.0,0.0,0.00013326077855061575,MEAN_OK,STD_OK_DDOF0,
RF,RDKit,test_roc_auc_macro,0.8620014646238945,0.00442268331743707,5,"[0.8621146538190742, 0.8622441648771557, 0.8673345538767531, 0.8643098794599128, 0.8540040710865764]",0.8620014646238945,0.00442268331743707,0.004944710270371785,0.0,0.0,0.0005220269529347147,MEAN_OK,STD_OK_DDOF0,
SVM,ECFP4,train_roc_auc_micro,0.9941664025661872,0.00011623761982436079,5,"[0.9942571269143669, 0.9941375296677449, 0.993973559135792, 0.9943116586077642, 0.9941521385052687]",0.9941664025661872,0.00011623761982436079,0.00012995760973502393,0.0,0.0,1.3719989910663147e-05,MEAN_OK,STD_OK_DDOF0,
SVM,ECFP4,train_roc_auc_macro,0.9932497205128199,0.00016898747837828024,5,"[0.9934579929072223, 0.9930917348893258, 0.9930361633728044, 0.9934194230947931, 0.9932432882999533]",0.9932497205128199,0.00016898747837828024,0.00018893374450005526,0.0,0.0,1.9946266121775023e-05,MEAN_OK,STD_OK_DDOF0,
SVM,ECFP4,test_roc_auc_micro,0.9232094221236723,0.0015491175176742251,5,"[0.9218735865214738, 0.9211406191016878, 0.9248510790888618, 0.9250088816241006, 0.923172944282238]",0.9232094221236723,0.0015491175176742251,0.0017319660373276496,0.0,0.0,0.00018284851965342445,MEAN_OK,STD_OK_DDOF0,
SVM,ECFP4,test_roc_auc_macro,0.8769665183175182,0.002960929129557105,5,"[0.873825951222062, 0.8738597235517023, 0.8801326060321661, 0.8806922108309924, 0.8763220999506685]",0.8769665183175182,0.002960929129557105,0.003310419405124484,0.0,0.0,0.0003494902755673793,MEAN_OK,STD_OK_DDOF0,
SVM,QM,train_roc_auc_micro,0.9225442075067777,0.0004600853302042773,5,"[0.923047712220999, 0.9229357427448871, 0.9218063636843459, 0.9222478861110929, 0.9226833327725636]",0.9225442075067777,0.0004600853302042773,0.0005143910368936006,0.0,0.0,5.4305706689323314e-05,MEAN_OK,STD_OK_DDOF0,
SVM,QM,train_roc_auc_macro,0.8789608291117185,0.0008486842440083892,5,"[0.8798104470136743, 0.8798385284169272, 0.8783857464047722, 0.8776381946853576, 0.8791312290378606]",0.8789608291117185,0.0008486842440083892,0.0009488578305178884,0.0,0.0,0.00010017358650949923,MEAN_OK,STD_OK_DDOF0,
SVM,QM,test_roc_auc_micro,0.9035584521137532,0.0015416836492911585,5,"[0.9019728513312579, 0.901899707681372, 0.9059884385416491, 0.9044026413940472, 0.9035286216204391]",0.9035584521137532,0.0015416836492911585,0.001723654719807488,0.0,0.0,0.0001819710705163295,MEAN_OK,STD_OK_DDOF0,
SVM,QM,test_roc_auc_macro,0.8347476165745957,0.0023352520538232964,5,"[0.8328290645468084, 0.8340684248585776, 0.8392814370504934, 0.834369130089241, 0.8331900263278589]",0.8347476165745957,0.0023352520538232964,0.0026108911684724445,0.0,0.0,0.0002756391146491481,MEAN_OK,STD_OK_DDOF0,
SVM,RDKit+QM,train_roc_auc_micro,0.9508491276560814,0.00047494506344028054,5,"[0.9513977465052784, 0.9511980495822226, 0.950014128153997, 0.9508724236772401, 0.950763290361669]",0.9508491276560814,0.00047494506344028054,0.0005310047237152087,0.0,0.0,5.605966027492817e-05,MEAN_OK,STD_OK_DDOF0,
SVM,RDKit+QM,train_roc_auc_macro,0.9292861172617878,0.0007782463407823677,5,"[0.9301763100610582, 0.9292685247854026, 0.9278484029780919, 0.9295020226716455, 0.9296353258127406]",0.9292861172617878,0.0007782463407823677,0.0008701058606149206,0.0,0.0,9.185951983255289e-05,MEAN_OK,STD_OK_DDOF0,
SVM,RDKit+QM,test_roc_auc_micro,0.920067289737017,0.0014593756817925538,5,"[0.9186109949902612, 0.9181064155231393, 0.9219054399565194, 0.9210265319993282, 0.9206870662158365]",0.920067289737017,0.0014593756817925538,0.001631631614599126,0.0,0.0,0.00017225593280657228,MEAN_OK,STD_OK_DDOF0,
SVM,RDKit+QM,test_roc_auc_macro,0.8672796242435249,0.0032861332522905766,5,"[0.8634661794092098, 0.8674324276484254, 0.8732124678880285, 0.8670511472902642, 0.8652358989816962]",0.8672796242435249,0.0032861332522905766,0.0036740086676220977,0.0,0.0,0.0003878754153315211,MEAN_OK,STD_OK_DDOF0,
SVM,RDKit,train_roc_auc_micro,0.9201255035844735,0.0009365741042031355,5,"[0.920262820969285, 0.9213540521708886, 0.9184514846832443, 0.9202169335245972, 0.9203422265743522]",0.9201255035844735,0.0009365741042031355,0.0010471216814820913,0.0,0.0,0.00011054757727895577,MEAN_OK,STD_OK_DDOF0,
SVM,RDKit,train_roc_auc_macro,0.876350855493602,0.0018175885490994532,5,"[0.8757149584352314, 0.8785903690380767, 0.8733036914585378, 0.8764516496932515, 0.8776936088429128]",0.876350855493602,0.0018175885490994532,0.0020321257754557956,0.0,0.0,0.0002145372263563424,MEAN_OK,STD_OK_DDOF0,
SVM,RDKit,test_roc_auc_micro,0.9057002686600824,0.00195286400310917,5,"[0.9058437541957745, 0.9030936921082601, 0.9088246480013761, 0.9064357300881745, 0.9043035189068263]",0.9057002686600824,0.00195286400310917,0.0021833683308822324,0.0,0.0,0.00023050432777306246,MEAN_OK,STD_OK_DDOF0,
SVM,RDKit,test_roc_auc_macro,0.8442520013623538,0.0059126005815989474,5,"[0.8458431359666057, 0.8418622261313907, 0.8523965286501541, 0.8466303861109894, 0.8345277299526295]",0.8442520013623538,0.0059126005815989474,0.00661048841213002,0.0,0.0,0.0006978878305310722,MEAN_OK,STD_OK_DDOF0,
XGBoost,ECFP4,train_roc_auc_micro,0.9219874512234426,0.0005049578431403602,5,"[0.9226108909987089, 0.9224174388917218, 0.9211684262486834, 0.9219094380007564, 0.9218310619773433]",0.9219874512234426,0.0005049578431403602,0.0005645600315167606,0.0,0.0,5.960218837640049e-05,MEAN_OK,STD_OK_DDOF0,
XGBoost,ECFP4,train_roc_auc_macro,0.87625589241495,0.0016556524694519824,5,"[0.8780228891927992, 0.8766978585558303, 0.8732888301732776, 0.8774403916954905, 0.8758294924573524]",0.87625589241495,0.0016556524694519824,0.0018510757344050131,0.0,0.0,0.00019542326495303078,MEAN_OK,STD_OK_DDOF0,
XGBoost,ECFP4,test_roc_auc_micro,0.903589639363853,0.0014155389543760828,5,"[0.9021375272202846, 0.9019956145126555, 0.9055638435384921, 0.9047953839627415, 0.9034558275850901]",0.903589639363853,0.0014155389543760828,0.0015826206633919471,0.0,0.0,0.00016708170901586438,MEAN_OK,STD_OK_DDOF0,
XGBoost,ECFP4,test_roc_auc_macro,0.8340371741085125,0.003219515365491958,5,"[0.8324483872525111, 0.8287962168545803, 0.8356128357698055, 0.838329916157174, 0.8349985145084913]",0.8340371741085125,0.003219515365491958,0.0035995276059225495,0.0,0.0,0.00038001224043059155,MEAN_OK,STD_OK_DDOF0,
XGBoost,QM,train_roc_auc_micro,0.9528136644626846,0.0005245419115820874,5,"[0.9535286975362687, 0.9530403772510619, 0.9530088104837348, 0.9519915390443411, 0.9524988979980162]",0.9528136644626846,0.0005245419115820874,0.0005864556856726158,0.0,0.0,6.191377409052847e-05,MEAN_OK,STD_OK_DDOF0,
XGBoost,QM,train_roc_auc_macro,0.9351392368085669,0.0011577864761091866,5,"[0.9368422998281599, 0.9353044215907758, 0.935813619233377, 0.9336589216105766, 0.9340769217799458]",0.9351392368085669,0.0011577864761091866,0.0012944446320050389,0.0,0.0,0.00013665815589585222,MEAN_OK,STD_OK_DDOF0,
XGBoost,QM,test_roc_auc_micro,0.9070545694340482,0.0009485423806005557,5,"[0.9070577362395991, 0.9058417029601264, 0.9086377763886239, 0.907342847379008, 0.9063927842028825]",0.9070545694340482,0.0009485423806005557,0.0010605026212811603,0.0,0.0,0.0001119602406806046,MEAN_OK,STD_OK_DDOF0,
XGBoost,QM,test_roc_auc_macro,0.8376033751412979,0.002416443400027713,5,"[0.8407799782890145, 0.834065618288854, 0.8390664686360082, 0.8384383497253446, 0.8356664607672682]",0.8376033751412979,0.002416443400027713,0.002701665853121342,0.0,0.0,0.00028522245309362893,MEAN_OK,STD_OK_DDOF0,
XGBoost,RDKit+QM,train_roc_auc_micro,0.9630328448005964,0.00025274244384592445,5,"[0.9634711272822043, 0.9628065955422366, 0.9630576005511533, 0.9627603949701159, 0.9630685056572716]",0.9630328448005964,0.00025274244384592445,0.0002825746426194552,0.0,0.0,2.9832198773530765e-05,MEAN_OK,STD_OK_DDOF0,
XGBoost,RDKit+QM,train_roc_auc_macro,0.948505949085306,0.0005838445557842711,5,"[0.9489855079696087, 0.9484687650070553, 0.9492802078681141, 0.947639332426494, 0.9481559321552586]",0.948505949085306,0.0005838445557842711,0.0006527580575133991,0.0,0.0,6.891350172912806e-05,MEAN_OK,STD_OK_DDOF0,
XGBoost,RDKit+QM,test_roc_auc_micro,0.9195188019935128,0.0017334115793727354,5,"[0.9184804592575472, 0.9191854870479257, 0.9229138870665266, 0.9188680537878028, 0.9181461228077605]",0.9195188019935128,0.0017334115793727354,0.0019380130622313543,0.0,0.0,0.00020460148285861898,MEAN_OK,STD_OK_DDOF0,
XGBoost,RDKit+QM,test_roc_auc_macro,0.8611795954792008,0.0030729935284882835,5,"[0.8619332136384782, 0.8611272063664447, 0.8658587288274202, 0.860756275828301, 0.8562225527353595]",0.8611795954792008,0.0030729935284882835,0.0034357112120583693,0.0,0.0,0.00036271768357008577,MEAN_OK,STD_OK_DDOF0,
XGBoost,RDKit,train_roc_auc_micro,0.9166029011919952,0.0008511200576474296,5,"[0.9165210304268532, 0.91718131568549, 0.915010206340687, 0.9168832921605123, 0.9174186613464336]",0.9166029011919952,0.0008511200576474296,0.0009515811529565962,0.0,0.0,0.00010046109530916663,MEAN_OK,STD_OK_DDOF0,
XGBoost,RDKit,train_roc_auc_macro,0.8756454212315085,0.002557999693049181,5,"[0.8758991461914533, 0.8751164723366098, 0.8747618003789294, 0.8722928973878767, 0.8801567898626728]",0.8756454212315085,0.002557999693049181,0.0028599306000407824,0.0,0.0,0.00030193090699160135,MEAN_OK,STD_OK_DDOF0,
XGBoost,RDKit,test_roc_auc_micro,0.8950654068793267,0.0016132022171091262,5,"[0.894743604951777, 0.8946858554043213, 0.8978904004063644, 0.892879091586612, 0.8951280820475584]",0.8950654068793267,0.0016132022171091262,0.0018036149094546904,0.0,0.0,0.00019041269234556417,MEAN_OK,STD_OK_DDOF0,
XGBoost,RDKit,test_roc_auc_macro,0.8224895423057367,0.004746194989684581,5,"[0.8269304705894786, 0.8246702477718569, 0.8268711680438818, 0.81493608285878, 0.8190397422646857]",0.8224895423057367,0.004746194989684581,0.005306407315701819,0.0,0.0,0.0005602123260172375,MEAN_OK,STD_OK_DDOF0,
