model,representation,expected_macro_auc,expected_micro_auc,json_macro_auc_mean,json_micro_auc_mean,macro_abs_diff,micro_abs_diff,status
MLP,ECFP4,0.8426063144734602,0.8979323880906585,0.8426063144734602,0.8979323880906585,0.0,0.0,MATCH
MLP,QM,0.8740859835445555,0.9230082621967194,0.8740859835445555,0.9230082621967194,0.0,0.0,MATCH
MLP,RDKit,0.8639285451061749,0.9169665078452448,0.8639285451061749,0.9169665078452448,0.0,0.0,MATCH
MLP,RDKit+QM,0.8919180148689762,0.932688248861116,0.8919180148689762,0.9326882488611161,0.0,1.1102230246251565e-16,MATCH
RF,ECFP4,0.8662213358314583,0.8859752183184162,0.8662213358314583,0.8859752183184162,0.0,0.0,MATCH
RF,QM,0.8669107149887992,0.9146248874255004,0.8669107149887992,0.9146248874255003,0.0,1.1102230246251565e-16,MATCH
RF,RDKit,0.8620014646238945,0.9089398670108272,0.8620014646238945,0.9089398670108271,0.0,1.1102230246251565e-16,MATCH
RF,RDKit+QM,0.8885990376961475,0.9282170559402684,0.8885990376961475,0.9282170559402685,0.0,1.1102230246251565e-16,MATCH
CNN,ECFP4,0.8055611463626668,0.8832196752067369,0.8055611463626668,0.8832196752067369,0.0,0.0,MATCH
CNN,QM,0.8555999416469404,0.913263630231916,0.8555999416469404,0.9132636302319159,0.0,1.1102230246251565e-16,MATCH
CNN,RDKit,0.8579182886241501,0.9135704746086296,0.8579182886241501,0.9135704746086297,0.0,1.1102230246251565e-16,MATCH
CNN,RDKit+QM,0.8783718397251647,0.9262640923679288,0.8783718397251647,0.9262640923679288,0.0,0.0,MATCH
SVM,ECFP4,0.8769665183175182,0.9232094221236724,0.8769665183175182,0.9232094221236723,0.0,1.1102230246251565e-16,MATCH
SVM,QM,0.8347476165745957,0.9035584521137532,0.8347476165745957,0.9035584521137532,0.0,0.0,MATCH
SVM,RDKit,0.8442520013623538,0.9057002686600824,0.8442520013623538,0.9057002686600824,0.0,0.0,MATCH
SVM,RDKit+QM,0.8672796242435249,0.920067289737017,0.8672796242435249,0.920067289737017,0.0,0.0,MATCH
LogReg,ECFP4,0.8744046128580173,0.921079027361558,0.8744046128580173,0.9210790273615579,0.0,1.1102230246251565e-16,MATCH
LogReg,QM,0.8357653010162617,0.9040552339947876,0.8357653010162617,0.9040552339947876,0.0,0.0,MATCH
LogReg,RDKit,0.8460238552246875,0.906780517110743,0.8460238552246875,0.906780517110743,0.0,0.0,MATCH
LogReg,RDKit+QM,0.8672793154090763,0.9200201652437314,0.8672793154090763,0.9200201652437314,0.0,0.0,MATCH
XGBoost,ECFP4,0.8340371741085125,0.903589639363853,0.8340371741085125,0.903589639363853,0.0,0.0,MATCH
XGBoost,QM,0.8376033751412979,0.9070545694340482,0.8376033751412979,0.9070545694340482,0.0,0.0,MATCH
XGBoost,RDKit,0.8224895423057367,0.8950654068793267,0.8224895423057367,0.8950654068793267,0.0,0.0,MATCH
XGBoost,RDKit+QM,0.8611795954792008,0.9195188019935128,0.8611795954792008,0.9195188019935128,0.0,0.0,MATCH
