model,representation,status,source_json
CNN,ECFP4,FOUND,CNN__ECFP4__summary.json
CNN,QM,FOUND,CNN__QM__summary.json
CNN,RDKit,FOUND,CNN__Rdkit__summary.json
CNN,RDKit+QM,FOUND,CNN__Rdkit+QM__summary.json
LogReg,ECFP4,FOUND,logreg__ECFP4__summary.json
LogReg,QM,FOUND,logreg__QM__summary.json
LogReg,RDKit,FOUND,logreg__Rdkit__summary.json
LogReg,RDKit+QM,FOUND,logreg__Rdkit+QM__summary.json
MLP,ECFP4,FOUND,MLP__ECFP4__summary.json
MLP,QM,FOUND,MLP__QM__summary.json
MLP,RDKit,FOUND,MLP__Rdkit__summary.json
MLP,RDKit+QM,FOUND,MLP__Rdkit+QM__summary.json
RF,ECFP4,FOUND,RF__ECFP4__summary.json
RF,QM,FOUND,RF__QM__summary.json
RF,RDKit,FOUND,RF__Rdkit__summary.json
RF,RDKit+QM,FOUND,RF__QM+Rdkit__summary.json
SVM,ECFP4,FOUND,SVM__ECFP4__summary.json
SVM,QM,FOUND,SVM__QM__summary.json
SVM,RDKit,FOUND,SVM__Rdkit__summary.json
SVM,RDKit+QM,FOUND,SVM__Rdkit+QM__summary.json
XGBoost,ECFP4,FOUND,XGBoost__ECFP4__summary.json
XGBoost,QM,FOUND,XGBoost__QM__summary.json
XGBoost,RDKit,FOUND,XGBoost__Rdkit__summary.json
XGBoost,RDKit+QM,FOUND,XGBoost__Rdkit+QM__summary.json
