model,representation,n_labels,n_missing_mean,n_missing_std,label_metric_structure,status
CNN,ECFP4,112,0,112,mean_only_scalar,OK
CNN,QM,112,0,112,mean_only_scalar,OK
CNN,RDKit,112,0,112,mean_only_scalar,OK
CNN,RDKit+QM,112,0,112,mean_only_scalar,OK
LogReg,ECFP4,112,0,0,mean_std_dict,OK
LogReg,QM,112,0,0,mean_std_dict,OK
LogReg,RDKit,112,0,0,mean_std_dict,OK
LogReg,RDKit+QM,112,0,0,mean_std_dict,OK
MLP,ECFP4,112,0,112,mean_only_scalar,OK
MLP,QM,112,0,112,mean_only_scalar,OK
MLP,RDKit,112,0,112,mean_only_scalar,OK
MLP,RDKit+QM,112,0,112,mean_only_scalar,OK
RF,ECFP4,112,0,0,mean_std_dict,OK
RF,QM,112,0,0,mean_std_dict,OK
RF,RDKit,112,0,0,mean_std_dict,OK
RF,RDKit+QM,112,0,0,mean_std_dict,OK
SVM,ECFP4,112,0,0,mean_std_dict,OK
SVM,QM,112,0,0,mean_std_dict,OK
SVM,RDKit,112,0,0,mean_std_dict,OK
SVM,RDKit+QM,112,0,0,mean_std_dict,OK
XGBoost,ECFP4,112,0,0,mean_std_dict,OK
XGBoost,QM,112,0,0,mean_std_dict,OK
XGBoost,RDKit,112,0,0,mean_std_dict,OK
XGBoost,RDKit+QM,112,0,0,mean_std_dict,OK
