severity,area,model,representation,metric,problem,required_action
Major,Fig2A_B,CNN,ECFP4,summary_auc_std,summary JSON omits std for train/test macro and micro AUC; repository tables recompute ddof=0 std from per_fold.,"Keep repository tables, but note in methods that std was recomputed from per-fold values."
Major,Fig2A_B,CNN,QM,summary_auc_std,summary JSON omits std for train/test macro and micro AUC; repository tables recompute ddof=0 std from per_fold.,"Keep repository tables, but note in methods that std was recomputed from per-fold values."
Major,Fig2A_B,CNN,RDKit,summary_auc_std,summary JSON omits std for train/test macro and micro AUC; repository tables recompute ddof=0 std from per_fold.,"Keep repository tables, but note in methods that std was recomputed from per-fold values."
Major,Fig2A_B,CNN,RDKit+QM,summary_auc_std,summary JSON omits std for train/test macro and micro AUC; repository tables recompute ddof=0 std from per_fold.,"Keep repository tables, but note in methods that std was recomputed from per-fold values."
Major,Fig2A_B,MLP,ECFP4,summary_auc_std,summary JSON omits std for train/test macro and micro AUC; repository tables recompute ddof=0 std from per_fold.,"Keep repository tables, but note in methods that std was recomputed from per-fold values."
Major,Fig2A_B,MLP,QM,summary_auc_std,summary JSON omits std for train/test macro and micro AUC; repository tables recompute ddof=0 std from per_fold.,"Keep repository tables, but note in methods that std was recomputed from per-fold values."
Major,Fig2A_B,MLP,RDKit,summary_auc_std,summary JSON omits std for train/test macro and micro AUC; repository tables recompute ddof=0 std from per_fold.,"Keep repository tables, but note in methods that std was recomputed from per-fold values."
Major,Fig2A_B,MLP,RDKit+QM,summary_auc_std,summary JSON omits std for train/test macro and micro AUC; repository tables recompute ddof=0 std from per_fold.,"Keep repository tables, but note in methods that std was recomputed from per-fold values."
Major,Fig2C,CNN,ECFP4,labelwise_auc,per-label AUC is stored as mean only; no per-label std or per-fold breakdown is available in the source JSON.,"Use the means for figure source data, but do not claim per-label variance from these source JSON files."
Major,Fig2C,CNN,QM,labelwise_auc,per-label AUC is stored as mean only; no per-label std or per-fold breakdown is available in the source JSON.,"Use the means for figure source data, but do not claim per-label variance from these source JSON files."
Major,Fig2C,CNN,RDKit,labelwise_auc,per-label AUC is stored as mean only; no per-label std or per-fold breakdown is available in the source JSON.,"Use the means for figure source data, but do not claim per-label variance from these source JSON files."
Major,Fig2C,CNN,RDKit+QM,labelwise_auc,per-label AUC is stored as mean only; no per-label std or per-fold breakdown is available in the source JSON.,"Use the means for figure source data, but do not claim per-label variance from these source JSON files."
Major,Fig2C,MLP,ECFP4,labelwise_auc,per-label AUC is stored as mean only; no per-label std or per-fold breakdown is available in the source JSON.,"Use the means for figure source data, but do not claim per-label variance from these source JSON files."
Major,Fig2C,MLP,QM,labelwise_auc,per-label AUC is stored as mean only; no per-label std or per-fold breakdown is available in the source JSON.,"Use the means for figure source data, but do not claim per-label variance from these source JSON files."
Major,Fig2C,MLP,RDKit,labelwise_auc,per-label AUC is stored as mean only; no per-label std or per-fold breakdown is available in the source JSON.,"Use the means for figure source data, but do not claim per-label variance from these source JSON files."
Major,Fig2C,MLP,RDKit+QM,labelwise_auc,per-label AUC is stored as mean only; no per-label std or per-fold breakdown is available in the source JSON.,"Use the means for figure source data, but do not claim per-label variance from these source JSON files."
