cas,receptor_name_original,canonical_receptor_key,pocket_name_original,pocket_index,full_receptor_md5,normalized_receptor_fingerprint,pocket_md5,normalized_pocket_fingerprint,gridcenter,npts,spacing,input_status
106-25-2,OR1D2,or1d2,OR1D2_P_0,0,2d4c8531da25d7cbb0cc34e678c03874,6a0d1cca663e3b64b151cb3c1dbc968e54551b2c96bc6175cb668ce2e5954de9,744645f8a1f76f14cdae6eedd384a132,84cd1c6b172b7a85686f475114cee4052c9edf18c005ac018b3c8e7ed8f80c1a,-17.044 -8.017 12.536,86 80 76,0.375,VALID
106-25-2,OR1D2,or1d2,OR1D2_P_1,1,2d4c8531da25d7cbb0cc34e678c03874,6a0d1cca663e3b64b151cb3c1dbc968e54551b2c96bc6175cb668ce2e5954de9,45dd80926b0d76866ced3b3abee8fb76,7157e700c43a705e4363b636ef7e6eaac67c997efa24d0877f71a9aff6cb1994,8.320 -7.172 -1.373,74 80 78,0.375,VALID
106-25-2,OR1D2,or1d2,OR1D2_P_2,2,2d4c8531da25d7cbb0cc34e678c03874,6a0d1cca663e3b64b151cb3c1dbc968e54551b2c96bc6175cb668ce2e5954de9,42bcbce085c90c3fd8d1a7dd8f477493,b0c6c2fc07f44c7a9881cec30d6c4663f2215701d910eb616c0e6ce700b94a8e,0.540 3.084 -16.061,86 78 102,0.375,VALID
106-25-2,OR1D2,or1d2,OR1D2_P_3,3,2d4c8531da25d7cbb0cc34e678c03874,6a0d1cca663e3b64b151cb3c1dbc968e54551b2c96bc6175cb668ce2e5954de9,8a48c906b8585ed2d669868448f8fe0e,6a8f3f81b96d611a1eba24fd04e7b8a34b02e878ed08df95b3b78afdc039cac3,2.494 -8.145 16.208,78 80 68,0.375,VALID
111-27-3,OR2W1,or2w1,OR2W1_P_0,0,a0849eebdd009ceb40fc04bc7ee349b4,9d34de04a408a82002d74c4c343f463630055ef7e8924d80ab843b4ac17964a0,4ca5cf03da77c6f7b5e5e929ddd5262d,a6db0b43db3fdc99415c16224c42493956baaf9dcc9fdf42e1a7b2c81b8c9f4e,9.584 -7.437 -5.373,90 86 100,0.375,VALID
111-27-3,OR2W1,or2w1,OR2W1_P_1,1,a0849eebdd009ceb40fc04bc7ee349b4,9d34de04a408a82002d74c4c343f463630055ef7e8924d80ab843b4ac17964a0,7c2b7578ca0137169f414af7553e11f8,a5bff802ce0aa15c1329ca70e6e2ef414928e5151def79227597a8e6eb3d92b2,-16.901 -9.391 12.822,86 88 80,0.375,VALID
111-27-3,OR2W1,or2w1,OR2W1_P_2,2,a0849eebdd009ceb40fc04bc7ee349b4,9d34de04a408a82002d74c4c343f463630055ef7e8924d80ab843b4ac17964a0,f958173150580607bb11d6ea722518eb,ea6d39c54b780200bcb317edbd1e9f4b5c26e845eb8255d52ab4fc162624fece,5.212 -8.139 14.258,94 86 72,0.375,VALID
111-27-3,OR2W1,or2w1,OR2W1_P_3,3,a0849eebdd009ceb40fc04bc7ee349b4,9d34de04a408a82002d74c4c343f463630055ef7e8924d80ab843b4ac17964a0,5b92a73bf1375b2539aa12102e28ea83,68b565f7eff25db99f1d3b3553d458b200bf551988ca00fd801018ac20377ebd,-20.552 2.128 0.725,70 60 60,0.375,VALID
124-19-6,OR1A1,or1a1,OR1A1_P_0,0,9feb4b624b469a027f499dc5154c590d,bc2d66380890d1eb1d3d4db3de6f1e077f410f5e2bc1bda079b0115c1cd108c7,f7bedb1c25661da1a8df4248a415850c,e2e03e0545575c4f02cd96d634dbd5514301553586681319573e6a7b678c22e9,4.200 -5.465 -4.763,126 82 106,0.375,VALID
124-19-6,OR1A1,or1a1,OR1A1_P_1,1,9feb4b624b469a027f499dc5154c590d,bc2d66380890d1eb1d3d4db3de6f1e077f410f5e2bc1bda079b0115c1cd108c7,50be98d21ebd4a02db1b7e5d5b405c31,f829d202becb8e89a2d6a16aea40114fd2f75e05fae48da4126218bab41dbc4e,-15.534 -10.989 13.007,72 94 82,0.375,VALID
124-19-6,OR1A1,or1a1,OR1A1_P_2,2,9feb4b624b469a027f499dc5154c590d,bc2d66380890d1eb1d3d4db3de6f1e077f410f5e2bc1bda079b0115c1cd108c7,0ac2a362ac09b86ae19d5212b6a88b79,82989c006c72eca6b7b41964b79b715e025815df61bad9eb81e6ff4fc1ea03de,-2.239 -7.321 19.154,76 78 76,0.375,VALID
124-19-6,OR1A1,or1a1,OR1A1_P_3,3,9feb4b624b469a027f499dc5154c590d,bc2d66380890d1eb1d3d4db3de6f1e077f410f5e2bc1bda079b0115c1cd108c7,c1a32014684bcc1a742447489b2b3417,336e85599b3991b5835e7805b8a80695a7dbca6cfc00ac5ada1ca29308f35bc2,2.932 3.625 -17.409,64 66 76,0.375,VALID
141-12-8,OR1D2,or1d2,OR1D2_P_0,0,2d4c8531da25d7cbb0cc34e678c03874,6a0d1cca663e3b64b151cb3c1dbc968e54551b2c96bc6175cb668ce2e5954de9,744645f8a1f76f14cdae6eedd384a132,84cd1c6b172b7a85686f475114cee4052c9edf18c005ac018b3c8e7ed8f80c1a,-17.044 -8.017 12.536,86 80 76,0.375,VALID
141-12-8,OR1D2,or1d2,OR1D2_P_1,1,2d4c8531da25d7cbb0cc34e678c03874,6a0d1cca663e3b64b151cb3c1dbc968e54551b2c96bc6175cb668ce2e5954de9,45dd80926b0d76866ced3b3abee8fb76,7157e700c43a705e4363b636ef7e6eaac67c997efa24d0877f71a9aff6cb1994,8.320 -7.172 -1.373,74 80 78,0.375,VALID
141-12-8,OR1D2,or1d2,OR1D2_P_2,2,2d4c8531da25d7cbb0cc34e678c03874,6a0d1cca663e3b64b151cb3c1dbc968e54551b2c96bc6175cb668ce2e5954de9,42bcbce085c90c3fd8d1a7dd8f477493,b0c6c2fc07f44c7a9881cec30d6c4663f2215701d910eb616c0e6ce700b94a8e,0.540 3.084 -16.061,86 78 102,0.375,VALID
141-12-8,OR1D2,or1d2,OR1D2_P_3,3,2d4c8531da25d7cbb0cc34e678c03874,6a0d1cca663e3b64b151cb3c1dbc968e54551b2c96bc6175cb668ce2e5954de9,8a48c906b8585ed2d669868448f8fe0e,6a8f3f81b96d611a1eba24fd04e7b8a34b02e878ed08df95b3b78afdc039cac3,2.494 -8.145 16.208,78 80 68,0.375,VALID
18127-01-0,OR1D2,or1d2,OR1D2_P_0,0,2d4c8531da25d7cbb0cc34e678c03874,6a0d1cca663e3b64b151cb3c1dbc968e54551b2c96bc6175cb668ce2e5954de9,744645f8a1f76f14cdae6eedd384a132,84cd1c6b172b7a85686f475114cee4052c9edf18c005ac018b3c8e7ed8f80c1a,-17.044 -8.017 12.536,86 80 76,0.375,VALID
18127-01-0,OR1D2,or1d2,OR1D2_P_1,1,2d4c8531da25d7cbb0cc34e678c03874,6a0d1cca663e3b64b151cb3c1dbc968e54551b2c96bc6175cb668ce2e5954de9,45dd80926b0d76866ced3b3abee8fb76,7157e700c43a705e4363b636ef7e6eaac67c997efa24d0877f71a9aff6cb1994,8.320 -7.172 -1.373,74 80 78,0.375,VALID
18127-01-0,OR1D2,or1d2,OR1D2_P_2,2,2d4c8531da25d7cbb0cc34e678c03874,6a0d1cca663e3b64b151cb3c1dbc968e54551b2c96bc6175cb668ce2e5954de9,42bcbce085c90c3fd8d1a7dd8f477493,b0c6c2fc07f44c7a9881cec30d6c4663f2215701d910eb616c0e6ce700b94a8e,0.540 3.084 -16.061,86 78 102,0.375,VALID
18127-01-0,OR1D2,or1d2,OR1D2_P_3,3,2d4c8531da25d7cbb0cc34e678c03874,6a0d1cca663e3b64b151cb3c1dbc968e54551b2c96bc6175cb668ce2e5954de9,8a48c906b8585ed2d669868448f8fe0e,6a8f3f81b96d611a1eba24fd04e7b8a34b02e878ed08df95b3b78afdc039cac3,2.494 -8.145 16.208,78 80 68,0.375,VALID
20602-31-7,OR2W1,or2w1,OR2W1_P_0,0,a0849eebdd009ceb40fc04bc7ee349b4,9d34de04a408a82002d74c4c343f463630055ef7e8924d80ab843b4ac17964a0,4ca5cf03da77c6f7b5e5e929ddd5262d,a6db0b43db3fdc99415c16224c42493956baaf9dcc9fdf42e1a7b2c81b8c9f4e,9.584 -7.437 -5.373,90 86 100,0.375,VALID
20602-31-7,OR2W1,or2w1,OR2W1_P_1,1,a0849eebdd009ceb40fc04bc7ee349b4,9d34de04a408a82002d74c4c343f463630055ef7e8924d80ab843b4ac17964a0,7c2b7578ca0137169f414af7553e11f8,a5bff802ce0aa15c1329ca70e6e2ef414928e5151def79227597a8e6eb3d92b2,-16.901 -9.391 12.822,86 88 80,0.375,VALID
20602-31-7,OR2W1,or2w1,OR2W1_P_2,2,a0849eebdd009ceb40fc04bc7ee349b4,9d34de04a408a82002d74c4c343f463630055ef7e8924d80ab843b4ac17964a0,f958173150580607bb11d6ea722518eb,ea6d39c54b780200bcb317edbd1e9f4b5c26e845eb8255d52ab4fc162624fece,5.212 -8.139 14.258,94 86 72,0.375,VALID
20602-31-7,OR2W1,or2w1,OR2W1_P_3,3,a0849eebdd009ceb40fc04bc7ee349b4,9d34de04a408a82002d74c4c343f463630055ef7e8924d80ab843b4ac17964a0,5b92a73bf1375b2539aa12102e28ea83,68b565f7eff25db99f1d3b3553d458b200bf551988ca00fd801018ac20377ebd,-20.552 2.128 0.725,70 60 60,0.375,VALID
63767-86-2,OR1A1,or1a1,OR1A1_P_0,0,9feb4b624b469a027f499dc5154c590d,bc2d66380890d1eb1d3d4db3de6f1e077f410f5e2bc1bda079b0115c1cd108c7,f7bedb1c25661da1a8df4248a415850c,e2e03e0545575c4f02cd96d634dbd5514301553586681319573e6a7b678c22e9,4.200 -5.465 -4.763,126 82 106,0.375,VALID
63767-86-2,OR1A1,or1a1,OR1A1_P_1,1,9feb4b624b469a027f499dc5154c590d,bc2d66380890d1eb1d3d4db3de6f1e077f410f5e2bc1bda079b0115c1cd108c7,50be98d21ebd4a02db1b7e5d5b405c31,f829d202becb8e89a2d6a16aea40114fd2f75e05fae48da4126218bab41dbc4e,-15.534 -10.989 13.007,72 94 82,0.375,VALID
63767-86-2,OR1A1,or1a1,OR1A1_P_2,2,9feb4b624b469a027f499dc5154c590d,bc2d66380890d1eb1d3d4db3de6f1e077f410f5e2bc1bda079b0115c1cd108c7,0ac2a362ac09b86ae19d5212b6a88b79,82989c006c72eca6b7b41964b79b715e025815df61bad9eb81e6ff4fc1ea03de,-2.239 -7.321 19.154,76 78 76,0.375,VALID
63767-86-2,OR1A1,or1a1,OR1A1_P_3,3,9feb4b624b469a027f499dc5154c590d,bc2d66380890d1eb1d3d4db3de6f1e077f410f5e2bc1bda079b0115c1cd108c7,c1a32014684bcc1a742447489b2b3417,336e85599b3991b5835e7805b8a80695a7dbca6cfc00ac5ada1ca29308f35bc2,2.932 3.625 -17.409,64 66 76,0.375,VALID
66-25-1,OR1A1,or1a1,OR1A1_P_0,0,9feb4b624b469a027f499dc5154c590d,bc2d66380890d1eb1d3d4db3de6f1e077f410f5e2bc1bda079b0115c1cd108c7,f7bedb1c25661da1a8df4248a415850c,e2e03e0545575c4f02cd96d634dbd5514301553586681319573e6a7b678c22e9,4.200 -5.465 -4.763,126 82 106,0.375,VALID
66-25-1,OR1A1,or1a1,OR1A1_P_1,1,9feb4b624b469a027f499dc5154c590d,bc2d66380890d1eb1d3d4db3de6f1e077f410f5e2bc1bda079b0115c1cd108c7,50be98d21ebd4a02db1b7e5d5b405c31,f829d202becb8e89a2d6a16aea40114fd2f75e05fae48da4126218bab41dbc4e,-15.534 -10.989 13.007,72 94 82,0.375,VALID
66-25-1,OR1A1,or1a1,OR1A1_P_2,2,9feb4b624b469a027f499dc5154c590d,bc2d66380890d1eb1d3d4db3de6f1e077f410f5e2bc1bda079b0115c1cd108c7,0ac2a362ac09b86ae19d5212b6a88b79,82989c006c72eca6b7b41964b79b715e025815df61bad9eb81e6ff4fc1ea03de,-2.239 -7.321 19.154,76 78 76,0.375,VALID
66-25-1,OR1A1,or1a1,OR1A1_P_3,3,9feb4b624b469a027f499dc5154c590d,bc2d66380890d1eb1d3d4db3de6f1e077f410f5e2bc1bda079b0115c1cd108c7,c1a32014684bcc1a742447489b2b3417,336e85599b3991b5835e7805b8a80695a7dbca6cfc00ac5ada1ca29308f35bc2,2.932 3.625 -17.409,64 66 76,0.375,VALID
71-41-0,OR2W1,or2w1,OR2W1_P_0,0,a0849eebdd009ceb40fc04bc7ee349b4,9d34de04a408a82002d74c4c343f463630055ef7e8924d80ab843b4ac17964a0,4ca5cf03da77c6f7b5e5e929ddd5262d,a6db0b43db3fdc99415c16224c42493956baaf9dcc9fdf42e1a7b2c81b8c9f4e,9.584 -7.437 -5.373,90 86 100,0.375,VALID
71-41-0,OR2W1,or2w1,OR2W1_P_1,1,a0849eebdd009ceb40fc04bc7ee349b4,9d34de04a408a82002d74c4c343f463630055ef7e8924d80ab843b4ac17964a0,7c2b7578ca0137169f414af7553e11f8,a5bff802ce0aa15c1329ca70e6e2ef414928e5151def79227597a8e6eb3d92b2,-16.901 -9.391 12.822,86 88 80,0.375,VALID
71-41-0,OR2W1,or2w1,OR2W1_P_2,2,a0849eebdd009ceb40fc04bc7ee349b4,9d34de04a408a82002d74c4c343f463630055ef7e8924d80ab843b4ac17964a0,f958173150580607bb11d6ea722518eb,ea6d39c54b780200bcb317edbd1e9f4b5c26e845eb8255d52ab4fc162624fece,5.212 -8.139 14.258,94 86 72,0.375,VALID
71-41-0,OR2W1,or2w1,OR2W1_P_3,3,a0849eebdd009ceb40fc04bc7ee349b4,9d34de04a408a82002d74c4c343f463630055ef7e8924d80ab843b4ac17964a0,5b92a73bf1375b2539aa12102e28ea83,68b565f7eff25db99f1d3b3553d458b200bf551988ca00fd801018ac20377ebd,-20.552 2.128 0.725,70 60 60,0.375,VALID
