cas,alcoholic,aldehydic,almond,anise,apple,apricot,banana,caramel,citrus,cocoa,coconut,coffee,coumaric,creamy,fatty,floral,fruity,green,herbal,honey,jasmine,meaty,mint,mushroom,musky,nutty,oily,peach,pear,pine_needle,pineapple,plum,roasted,rose,sour,spicy,sweet,tobacco,tropical_fruit,vanilla,vegetable,waxy,woody
100-51-6,0.0,0.3076923076923077,2.923076923076923,0.0,0.3076923076923077,0.0,0.0,0.0,0.0,0.0,0.0,0.0,0.0,0.0,0.0,0.15384615384615385,4.461538461538462,0.6153846153846154,0.38461538461538464,0.0,0.0,0.0,0.0,0.0,1.3846153846153846,2.230769230769231,0.0,0.0,0.0,0.23076923076923078,0.0,0.0,1.2307692307692308,0.0,0.5384615384615384,0.0,1.5384615384615385,0.0,0.38461538461538464,0.0,0.0,0.0,0.0
10094-34-5,0.0,0.0,0.38461538461538464,0.0,0.0,1.0769230769230769,0.0,0.0,0.0,0.0,0.0,0.0,0.38461538461538464,0.46153846153846156,0.0,0.38461538461538464,0.7692307692307693,0.6923076923076923,1.6923076923076923,0.46153846153846156,0.0,0.0,0.0,0.0,0.0,0.15384615384615385,0.0,0.0,0.0,0.0,0.0,0.6923076923076923,0.15384615384615385,0.23076923076923078,0.0,0.23076923076923078,1.0769230769230769,0.0,0.0,0.0,0.0,0.0,0.7692307692307693
103-28-6,0.0,0.15384615384615385,0.0,0.0,0.6153846153846154,0.0,0.0,0.15384615384615385,0.6153846153846154,0.0,0.0,0.0,0.0,0.0,0.0,1.8461538461538463,4.0,0.9230769230769231,0.15384615384615385,0.15384615384615385,0.0,0.0,0.0,0.0,0.46153846153846156,0.0,0.0,0.0,0.3076923076923077,0.0,0.0,0.15384615384615385,0.0,2.3076923076923075,0.0,0.0,2.769230769230769,0.0,1.9230769230769231,0.0,0.0,0.0,0.15384615384615385
103-45-7,0.6153846153846154,0.0,0.0,0.0,0.0,0.0,0.0,0.0,0.0,0.3076923076923077,0.0,0.0,0.0,0.46153846153846156,0.23076923076923078,2.3076923076923075,1.8461538461538463,0.0,0.0,1.9230769230769231,0.0,0.0,0.23076923076923078,0.0,0.0,0.0,0.0,0.0,0.0,0.0,0.0,0.0,0.0,2.3076923076923075,0.5384615384615384,0.5384615384615384,0.9230769230769231,0.0,0.46153846153846156,0.0,0.0,0.0,0.0
103-48-0,0.0,0.0,0.0,0.0,0.0,0.0,0.6923076923076923,0.0,0.0,0.0,0.0,0.0,0.3076923076923077,0.0,0.0,2.923076923076923,2.1538461538461537,0.0,0.38461538461538464,0.6923076923076923,0.0,0.0,0.0,0.0,0.0,0.0,0.0,0.0,0.0,0.0,0.0,0.0,0.0,2.3846153846153846,0.0,0.0,1.0,0.0,0.0,0.0,0.0,0.0,0.0
103-52-6,2.076923076923077,0.0,0.0,0.23076923076923078,0.3076923076923077,0.3076923076923077,0.46153846153846156,0.0,0.15384615384615385,0.0,1.0,0.0,0.15384615384615385,0.0,0.0,4.0,3.1538461538461537,1.3846153846153846,0.7692307692307693,0.0,0.0,0.0,0.0,0.0,0.0,0.0,0.0,0.0,0.0,0.23076923076923078,0.0,0.0,0.0,0.9230769230769231,0.0,0.0,1.4615384615384615,0.3076923076923077,0.0,0.23076923076923078,0.0,0.15384615384615385,0.46153846153846156
103-60-6,0.38461538461538464,0.0,0.0,0.0,1.8461538461538463,0.0,0.0,0.0,0.0,0.0,0.0,0.0,0.0,0.0,0.0,0.3076923076923077,1.4615384615384615,0.38461538461538464,0.0,2.4615384615384617,0.0,0.0,0.0,0.0,0.0,0.0,0.3076923076923077,0.0,0.3076923076923077,0.0,0.5384615384615384,0.38461538461538464,0.0,0.0,0.8461538461538461,0.0,1.1538461538461537,0.0,0.0,0.0,0.0,0.0,0.0
104-50-7,0.0,0.0,0.0,0.0,0.0,0.23076923076923078,0.0,0.7692307692307693,0.0,0.23076923076923078,2.8461538461538463,0.0,0.7692307692307693,1.6923076923076923,0.0,0.07692307692307693,0.0,0.0,0.3076923076923077,0.0,0.0,0.0,0.0,0.0,0.0,0.9230769230769231,0.0,0.0,0.0,0.0,0.0,0.15384615384615385,0.6923076923076923,0.0,0.15384615384615385,0.0,1.3846153846153846,0.0,0.0,0.0,0.0,0.0,0.23076923076923078
104-61-0,0.0,0.0,0.5384615384615384,0.0,0.0,0.0,0.0,0.0,0.0,0.0,6.384615384615385,0.0,0.0,2.0,0.8461538461538461,0.0,0.15384615384615385,0.0,0.0,0.0,0.0,0.0,0.0,0.0,0.0,0.6923076923076923,0.0,0.46153846153846156,0.0,0.0,0.0,0.0,0.0,0.0,0.0,0.0,0.46153846153846156,0.0,0.0,0.0,0.0,0.0,0.0
104-62-1,0.0,0.0,0.0,0.0,0.8461538461538461,0.0,1.0769230769230769,0.0,0.6923076923076923,0.0,0.0,0.0,0.0,0.0,0.0,0.0,1.2307692307692308,3.230769230769231,2.5384615384615383,0.0,0.0,0.0,0.0,0.0,0.0,0.0,0.0,0.0,0.0,0.0,0.0,0.0,0.0,0.0,0.0,0.3076923076923077,2.4615384615384617,0.0,0.0,0.0,0.0,0.0,0.0
104-67-6,0.0,0.3076923076923077,0.46153846153846156,0.0,0.0,0.15384615384615385,0.0,0.0,0.0,0.0,0.0,0.0,0.0,1.1538461538461537,0.3076923076923077,0.6153846153846154,1.7692307692307692,0.0,0.46153846153846156,0.0,0.0,0.0,0.0,0.0,0.38461538461538464,0.0,0.0,5.153846153846154,0.0,0.15384615384615385,0.0,0.0,0.0,0.0,0.0,0.0,1.0,0.0,0.0,0.38461538461538464,0.0,0.0,0.0
105-21-5,0.0,0.0,0.15384615384615385,0.0,0.0,0.0,0.46153846153846156,0.7692307692307693,0.0,0.15384615384615385,1.4615384615384615,0.0,0.3076923076923077,2.6153846153846154,0.0,0.0,0.0,0.0,0.3076923076923077,0.23076923076923078,0.0,0.0,0.0,0.0,0.0,1.1538461538461537,0.15384615384615385,0.0,0.0,0.0,0.0,0.0,0.6923076923076923,0.0,0.0,0.0,1.0,0.0,0.0,0.23076923076923078,0.0,0.38461538461538464,0.0
105-53-3,0.46153846153846156,0.23076923076923078,0.0,0.0,0.0,0.0,0.38461538461538464,0.23076923076923078,0.0,0.0,0.0,0.0,0.0,0.0,0.0,0.0,1.2307692307692308,0.3076923076923077,0.0,0.0,0.0,0.0,0.23076923076923078,0.15384615384615385,0.0,0.0,0.23076923076923078,0.0,0.0,0.0,0.5384615384615384,0.0,0.0,0.0,0.0,0.15384615384615385,1.4615384615384615,0.0,2.3076923076923075,0.0,0.15384615384615385,0.23076923076923078,0.0
105-54-4,3.923076923076923,0.0,0.23076923076923078,0.0,0.7692307692307693,0.0,0.0,0.0,0.3076923076923077,0.0,0.07692307692307693,0.0,0.0,0.0,0.0,0.0,2.6923076923076925,0.0,0.0,0.38461538461538464,0.3076923076923077,0.0,0.0,0.0,0.23076923076923078,0.0,0.0,0.0,0.0,0.0,2.3846153846153846,0.0,0.38461538461538464,0.0,0.5384615384615384,0.0,0.0,0.0,0.5384615384615384,0.0,0.0,0.0,0.0
105-87-3,0.0,0.0,0.07692307692307693,0.0,0.0,0.23076923076923078,0.0,0.0,0.0,0.0,0.0,0.5384615384615384,0.0,0.0,0.0,3.0,0.6153846153846154,0.23076923076923078,0.23076923076923078,0.0,0.0,0.0,0.38461538461538464,0.23076923076923078,0.15384615384615385,0.15384615384615385,0.0,0.0,0.0,0.0,0.0,0.0,0.0,2.8461538461538463,0.3076923076923077,0.3076923076923077,1.0769230769230769,0.0,0.0,0.0,0.0,1.0,1.8461538461538463
106-02-5,0.0,0.5384615384615384,0.3076923076923077,0.38461538461538464,0.0,0.0,0.0,0.0,0.15384615384615385,0.0,0.0,0.0,0.0,0.46153846153846156,0.07692307692307693,0.7692307692307693,0.15384615384615385,0.0,0.0,0.0,0.0,0.0,0.15384615384615385,0.0,5.384615384615385,0.15384615384615385,0.15384615384615385,0.0,0.0,0.0,0.0,0.0,0.0,0.0,0.38461538461538464,0.0,1.6153846153846154,0.0,0.0,0.38461538461538464,0.0,0.0,0.0
106-22-9,0.3076923076923077,0.0,0.0,0.0,0.0,0.0,0.0,0.0,2.076923076923077,0.0,0.0,0.0,0.0,0.0,0.38461538461538464,0.5384615384615384,1.6153846153846154,1.6153846153846154,0.5384615384615384,0.0,0.0,0.0,0.15384615384615385,0.0,0.3076923076923077,0.0,0.0,0.46153846153846156,0.0,0.0,0.15384615384615385,0.0,0.0,1.3076923076923077,0.0,0.0,1.4615384615384615,0.0,0.0,0.23076923076923078,0.46153846153846156,0.0,0.46153846153846156
106-24-1,0.0,0.46153846153846156,0.0,0.0,0.0,0.15384615384615385,0.0,0.0,1.4615384615384615,0.0,0.0,0.0,0.0,0.0,0.0,3.3846153846153846,4.153846153846154,0.46153846153846156,0.46153846153846156,0.0,0.0,0.0,0.0,0.0,0.6153846153846154,0.0,0.0,0.3076923076923077,0.0,0.0,0.0,0.0,0.0,2.1538461538461537,0.0,0.0,2.0,0.0,0.7692307692307693,0.0,0.0,0.6153846153846154,1.1538461538461537
106-25-2,0.15384615384615385,0.15384615384615385,0.0,0.0,0.0,0.0,0.0,0.0,3.3846153846153846,0.0,0.0,0.0,0.0,0.0,0.0,2.230769230769231,3.230769230769231,0.46153846153846156,0.0,0.0,0.0,0.0,0.6153846153846154,0.0,0.23076923076923078,0.0,0.0,0.0,0.0,0.3076923076923077,0.23076923076923078,0.0,0.0,0.6923076923076923,0.0,0.0,0.6153846153846154,0.0,0.0,0.0,0.0,0.0,0.46153846153846156
106-27-4,1.4615384615384615,0.0,0.0,0.0,0.0,0.0,1.6153846153846154,0.0,0.23076923076923078,0.0,0.07692307692307693,0.0,0.0,0.0,0.0,0.0,2.769230769230769,0.9230769230769231,0.0,0.0,0.0,0.0,0.0,0.0,0.0,0.0,0.0,0.0,0.46153846153846156,0.0,2.076923076923077,0.0,0.0,0.0,0.15384615384615385,0.23076923076923078,1.8461538461538463,0.0,1.6153846153846154,0.0,0.0,0.0,0.0
106-32-1,4.0,0.0,0.23076923076923078,0.0,0.3076923076923077,0.0,0.46153846153846156,0.0,0.0,0.0,0.0,0.0,0.0,0.0,0.46153846153846156,0.0,2.4615384615384617,0.0,0.0,0.0,0.0,0.0,0.0,0.0,0.38461538461538464,0.0,0.0,0.0,0.0,0.0,2.8461538461538463,0.0,0.0,0.0,0.0,0.6923076923076923,0.8461538461538461,0.0,0.5384615384615384,0.0,0.0,0.0,0.0
108-29-2,0.3076923076923077,0.0,0.0,0.38461538461538464,0.0,0.6153846153846154,0.0,0.0,0.0,0.0,1.2307692307692308,0.0,0.0,0.9230769230769231,0.23076923076923078,0.15384615384615385,1.0,0.0,1.5384615384615385,0.0,0.0,0.0,0.5384615384615384,0.0,0.0,0.0,0.0,0.0,0.0,0.0,0.0,0.0,0.5384615384615384,0.0,0.0,0.3076923076923077,1.8461538461538463,0.0,0.0,0.6153846153846154,0.0,0.0,0.7692307692307693
108-50-9,0.0,0.15384615384615385,0.23076923076923078,0.0,0.0,0.0,0.0,0.6153846153846154,0.0,1.0,0.23076923076923078,0.5384615384615384,0.38461538461538464,0.3076923076923077,0.0,0.0,0.0,0.07692307692307693,0.0,0.0,0.0,0.15384615384615385,0.23076923076923078,0.0,0.38461538461538464,2.3076923076923075,0.0,0.0,0.0,0.0,0.0,0.0,2.769230769230769,0.0,0.0,0.0,0.8461538461538461,0.0,0.0,0.3076923076923077,0.0,0.0,0.3076923076923077
109-08-0,0.23076923076923078,0.0,1.6923076923076923,0.0,0.0,0.0,0.0,0.0,0.0,1.2307692307692308,0.15384615384615385,0.0,0.23076923076923078,0.6923076923076923,0.46153846153846156,0.0,0.3076923076923077,0.23076923076923078,0.0,0.0,0.0,0.0,0.23076923076923078,0.0,0.0,2.8461538461538463,0.0,0.0,0.0,0.0,0.0,0.23076923076923078,2.3846153846153846,0.0,0.0,0.0,0.3076923076923077,0.0,0.0,0.0,0.0,0.0,0.0
109-21-7,0.0,0.0,0.0,0.0,1.3076923076923077,0.0,0.0,0.0,1.2307692307692308,0.0,0.0,0.0,0.0,0.0,0.0,1.1538461538461537,5.846153846153846,0.7692307692307693,0.15384615384615385,0.0,0.0,0.0,0.0,0.0,0.0,0.0,0.0,0.8461538461538461,0.6923076923076923,0.0,2.1538461538461537,0.0,0.0,0.23076923076923078,0.0,0.0,2.4615384615384617,0.0,3.1538461538461537,0.0,0.0,0.15384615384615385,0.0
109-60-4,2.769230769230769,0.15384615384615385,0.0,0.0,0.0,0.0,0.5384615384615384,0.0,0.3076923076923077,0.0,0.0,0.0,0.0,0.0,0.23076923076923078,0.0,2.3076923076923075,0.0,0.0,0.0,0.38461538461538464,0.0,0.0,0.0,0.15384615384615385,0.0,0.0,0.0,0.0,0.0,0.0,0.0,1.2307692307692308,0.0,0.5384615384615384,0.15384615384615385,0.0,0.0,0.0,0.0,0.0,1.7692307692307692,0.38461538461538464
110-19-0,1.0,0.23076923076923078,0.0,0.0,0.5384615384615384,0.0,1.5384615384615385,0.0,0.0,0.0,0.0,0.0,0.0,0.0,0.0,1.6923076923076923,1.8461538461538463,0.3076923076923077,0.0,0.0,0.0,0.0,0.0,0.0,0.15384615384615385,0.0,0.0,0.0,1.6923076923076923,0.0,0.6153846153846154,0.0,0.0,0.0,0.46153846153846156,0.23076923076923078,0.0,0.0,0.5384615384615384,0.0,0.0,0.6923076923076923,0.46153846153846156
110-38-3,1.6153846153846154,0.0,0.0,0.0,0.0,0.15384615384615385,0.0,0.0,0.0,0.0,0.46153846153846156,0.0,0.0,0.15384615384615385,0.0,0.0,3.076923076923077,0.0,0.3076923076923077,0.0,0.38461538461538464,0.0,0.0,0.0,0.15384615384615385,1.8461538461538463,0.5384615384615384,0.0,0.0,0.0,0.0,0.0,0.6923076923076923,0.0,0.15384615384615385,0.46153846153846156,0.0,0.0,0.46153846153846156,0.0,0.3076923076923077,0.6153846153846154,0.0
110-41-8,0.15384615384615385,0.8461538461538461,0.15384615384615385,0.0,0.0,0.15384615384615385,0.0,0.0,1.5384615384615385,0.0,0.0,0.0,0.0,0.0,0.07692307692307693,0.46153846153846156,1.3846153846153846,1.0,0.23076923076923078,0.0,0.0,0.0,0.0,0.0,0.0,0.0,0.3076923076923077,0.0,0.0,0.3076923076923077,0.0,0.0,0.0,0.23076923076923078,0.0,0.23076923076923078,0.5384615384615384,0.0,0.0,0.0,0.0,0.5384615384615384,0.0
110-43-0,2.4615384615384617,0.0,0.0,0.0,0.0,0.0,0.46153846153846156,0.23076923076923078,0.0,0.0,0.0,0.0,0.0,0.0,0.0,0.38461538461538464,0.8461538461538461,0.23076923076923078,0.0,0.0,0.0,0.0,0.0,0.0,0.0,0.0,0.0,0.0,1.0769230769230769,0.0,1.0,0.0,0.15384615384615385,0.0,0.7692307692307693,0.6153846153846154,0.6153846153846154,0.0,0.23076923076923078,0.38461538461538464,0.0,0.38461538461538464,0.0
111-11-5,0.0,0.15384615384615385,0.23076923076923078,0.0,0.0,0.0,0.15384615384615385,0.0,1.3846153846153846,0.0,0.23076923076923078,0.0,0.38461538461538464,0.0,0.0,0.7692307692307693,2.0,3.6153846153846154,1.2307692307692308,0.0,0.15384615384615385,0.0,0.0,0.0,0.38461538461538464,1.0,0.0,0.0,0.0,0.0,0.0,0.0,0.0,0.0,0.0,0.0,3.3846153846153846,0.0,0.15384615384615385,0.0,1.5384615384615385,0.46153846153846156,0.8461538461538461
111-13-7,0.0,0.0,0.0,0.0,0.0,0.0,0.0,0.0,0.0,0.0,0.0,0.0,0.0,0.0,0.0,1.4615384615384615,0.9230769230769231,3.0,4.384615384615385,0.0,0.0,0.0,0.0,0.0,0.0,0.0,0.0,0.0,0.0,0.38461538461538464,0.0,0.0,0.0,0.3076923076923077,0.15384615384615385,0.0,0.0,0.38461538461538464,0.0,0.0,0.0,0.0,2.1538461538461537
111879-80-2,0.0,0.46153846153846156,0.0,0.0,0.0,0.3076923076923077,0.0,0.0,0.3076923076923077,0.0,0.0,0.0,0.0,0.0,0.0,1.0769230769230769,1.3846153846153846,0.0,0.15384615384615385,0.0,0.0,0.0,0.0,0.3076923076923077,2.076923076923077,0.0,0.0,0.0,0.0,0.6153846153846154,0.0,0.0,0.0,0.46153846153846156,0.0,0.6153846153846154,1.8461538461538463,0.15384615384615385,0.6153846153846154,0.15384615384615385,0.0,0.5384615384615384,0.0
112-14-1,1.0769230769230769,0.0,0.0,0.0,0.0,0.0,0.0,0.0,0.6153846153846154,0.0,0.0,0.0,0.0,0.0,0.0,0.38461538461538464,2.6153846153846154,0.3076923076923077,0.0,0.0,0.0,0.0,0.0,0.46153846153846156,0.0,0.0,0.0,0.0,0.0,0.0,0.0,0.0,0.0,0.0,0.0,0.6923076923076923,0.7692307692307693,0.0,0.38461538461538464,0.0,0.0,0.5384615384615384,0.15384615384615385
112-44-7,0.38461538461538464,1.4615384615384615,0.0,0.0,0.0,0.0,0.0,0.0,4.0,0.0,0.0,0.0,0.0,0.0,0.0,0.0,0.8461538461538461,1.3076923076923077,0.0,0.0,0.0,0.0,0.0,0.0,0.0,0.0,0.38461538461538464,0.0,0.0,0.0,0.3076923076923077,0.07692307692307693,0.0,0.3076923076923077,1.3846153846153846,0.6923076923076923,0.3076923076923077,0.07692307692307693,0.0,0.0,0.0,0.23076923076923078,0.0
1124-11-4,0.38461538461538464,0.0,0.38461538461538464,0.0,0.0,0.23076923076923078,0.0,0.3076923076923077,0.23076923076923078,0.9230769230769231,0.0,0.38461538461538464,0.0,0.9230769230769231,0.46153846153846156,0.46153846153846156,0.46153846153846156,0.46153846153846156,0.0,0.0,0.0,0.0,0.3076923076923077,0.0,0.46153846153846156,2.230769230769231,0.0,0.6153846153846154,0.0,0.0,0.0,0.0,0.8461538461538461,0.0,0.0,0.15384615384615385,0.46153846153846156,0.0,0.0,0.38461538461538464,0.0,0.0,0.0
115-95-7,0.38461538461538464,0.0,0.0,0.0,0.0,0.0,0.0,0.0,2.3846153846153846,0.0,0.0,0.0,0.0,0.0,0.0,1.4615384615384615,2.3846153846153846,0.0,0.0,0.0,0.0,0.0,0.3076923076923077,0.0,0.0,0.0,0.0,0.0,0.0,0.15384615384615385,0.3076923076923077,0.0,0.0,1.0769230769230769,0.0,0.7692307692307693,0.23076923076923078,0.0,0.0,0.0,0.0,0.0,1.2307692307692308
118-58-1,0.07692307692307693,0.0,0.0,0.0,0.0,0.46153846153846156,0.0,0.0,0.0,0.0,0.0,0.0,0.0,0.46153846153846156,0.15384615384615385,1.3076923076923077,1.4615384615384615,0.07692307692307693,0.3076923076923077,0.0,0.0,0.0,0.0,0.0,0.0,0.0,0.0,0.0,0.38461538461538464,0.0,0.38461538461538464,0.0,0.0,0.0,0.3076923076923077,0.0,1.8461538461538463,0.0,0.0,0.3076923076923077,0.23076923076923078,0.0,0.15384615384615385
119-36-8,0.3076923076923077,0.0,0.0,0.0,0.0,0.0,0.0,0.0,0.46153846153846156,0.0,0.0,0.0,0.0,0.0,0.0,0.0,0.15384615384615385,2.230769230769231,3.230769230769231,0.0,0.0,0.0,2.6153846153846154,0.0,0.0,0.0,0.0,0.0,0.0,1.0,0.0,0.0,0.0,0.0,0.0,0.6153846153846154,0.0,0.0,0.6153846153846154,0.0,0.0,0.0,0.0
121-32-4,0.0,0.0,0.0,0.0,0.0,0.0,0.0,0.3076923076923077,0.0,0.38461538461538464,0.0,0.0,0.0,4.384615384615385,0.38461538461538464,0.0,0.46153846153846156,0.0,0.0,0.0,0.0,0.0,0.0,0.0,0.0,0.0,0.0,0.23076923076923078,0.0,0.0,0.0,0.0,0.0,0.0,0.0,0.0,3.076923076923077,0.0,0.0,2.923076923076923,0.0,0.0,0.0
121-33-5,0.0,0.0,0.0,0.0,0.0,0.0,0.0,1.6923076923076923,0.0,0.6153846153846154,0.0,0.0,0.15384615384615385,2.1538461538461537,0.0,0.15384615384615385,0.0,0.0,0.0,0.0,0.0,0.0,0.0,0.0,0.0,0.3076923076923077,0.0,0.0,0.0,0.0,0.0,0.0,0.8461538461538461,0.0,0.0,0.0,0.5384615384615384,0.0,0.0,4.923076923076923,0.0,0.0,0.0
122-63-4,0.0,0.6153846153846154,0.0,0.0,0.0,0.0,1.0769230769230769,0.0,0.3076923076923077,0.0,0.0,0.0,0.0,0.0,0.0,1.0769230769230769,1.5384615384615385,0.0,0.15384615384615385,0.0,0.0,0.0,0.0,0.0,0.3076923076923077,0.0,0.0,0.0,0.0,0.0,0.0,0.0,0.0,0.0,0.0,0.0,2.1538461538461537,0.0,0.6153846153846154,0.0,0.0,0.5384615384615384,0.0
122-70-3,1.2307692307692308,0.0,0.0,0.0,0.46153846153846156,0.0,0.0,0.15384615384615385,0.0,0.0,0.0,0.0,0.0,0.0,0.0,4.384615384615385,1.8461538461538463,0.0,0.0,1.0,0.0,0.0,0.0,0.0,0.0,0.5384615384615384,0.0,0.0,0.0,0.0,0.3076923076923077,0.0,0.0,3.0,0.0,0.5384615384615384,0.0,0.0,0.23076923076923078,0.0,0.23076923076923078,0.23076923076923078,0.0
123-11-5,0.0,0.15384615384615385,1.6923076923076923,5.153846153846154,0.0,0.0,0.0,0.0,0.0,0.0,0.23076923076923078,0.0,0.6153846153846154,0.0,0.0,0.6923076923076923,0.23076923076923078,0.46153846153846156,0.6153846153846154,0.0,0.0,0.0,0.23076923076923078,0.0,0.3076923076923077,0.0,0.0,0.0,0.0,0.0,0.0,0.0,0.0,0.0,0.0,0.6923076923076923,0.0,0.0,0.0,0.0,0.3076923076923077,0.0,0.3076923076923077
123-29-5,1.6153846153846154,0.0,0.0,0.0,0.0,0.38461538461538464,0.0,0.0,0.3076923076923077,0.0,0.0,0.0,0.0,0.0,0.0,0.0,3.230769230769231,0.23076923076923078,0.0,0.0,0.0,0.0,0.38461538461538464,0.0,0.0,0.0,0.0,0.0,0.0,0.0,0.3076923076923077,0.0,0.0,3.6153846153846154,0.0,0.6923076923076923,0.0,0.0,0.46153846153846156,0.0,0.0,0.0,0.0
123-32-0,0.0,0.15384615384615385,0.3076923076923077,0.0,0.0,0.0,0.0,0.0,0.0,0.6923076923076923,0.0,0.38461538461538464,2.3076923076923075,0.9230769230769231,0.3076923076923077,0.0,0.0,0.0,0.0,0.0,0.0,0.0,0.23076923076923078,0.0,0.15384615384615385,2.6153846153846154,1.9230769230769231,0.0,0.0,0.0,0.0,0.0,1.0769230769230769,0.0,0.0,0.0,0.0,0.0,0.0,0.0,0.0,0.23076923076923078,0.0
123-66-0,4.461538461538462,0.0,0.0,0.0,1.3076923076923077,0.0,0.0,0.0,0.0,0.0,0.15384615384615385,0.0,0.0,0.0,0.0,0.0,3.0,0.23076923076923078,0.0,0.0,0.0,0.0,0.15384615384615385,0.0,0.0,0.0,0.0,0.0,0.0,0.0,2.1538461538461537,0.38461538461538464,0.0,0.0,0.38461538461538464,0.0,0.3076923076923077,0.0,1.2307692307692308,0.0,0.0,0.0,0.0
123-68-2,5.461538461538462,0.0,0.0,0.0,0.0,0.0,0.6153846153846154,0.0,0.15384615384615385,0.0,0.0,0.0,0.0,0.0,0.07692307692307693,0.0,1.1538461538461537,0.0,0.0,0.0,0.0,0.0,0.0,0.0,0.0,0.0,0.38461538461538464,0.0,0.3076923076923077,0.0,2.6923076923076925,0.0,0.0,0.0,1.3846153846153846,0.0,0.5384615384615384,0.0,0.0,0.0,0.0,0.0,0.0
123-86-4,0.0,0.15384615384615385,0.0,0.0,0.6153846153846154,0.0,2.1538461538461537,0.15384615384615385,0.6153846153846154,0.0,0.0,0.0,0.0,0.0,0.0,1.0769230769230769,5.0,0.9230769230769231,0.15384615384615385,0.15384615384615385,0.0,0.0,0.0,0.0,0.46153846153846156,0.0,0.0,0.0,0.3076923076923077,0.0,0.0,0.15384615384615385,0.0,0.46153846153846156,0.0,0.0,2.769230769230769,0.0,1.9230769230769231,0.0,0.0,0.0,0.15384615384615385
140-11-4,0.46153846153846156,0.07692307692307693,0.0,0.0,0.0,0.15384615384615385,0.9230769230769231,0.0,0.0,0.0,0.0,0.0,0.38461538461538464,0.23076923076923078,1.3076923076923077,0.23076923076923078,2.076923076923077,0.3076923076923077,0.0,0.0,0.5384615384615384,0.0,0.0,0.0,1.3076923076923077,0.0,0.0,0.0,0.3076923076923077,0.0,0.0,0.0,0.0,0.0,0.23076923076923078,0.3076923076923077,1.3076923076923077,0.0,0.0,0.3076923076923077,0.0,0.6153846153846154,0.0
141-12-8,0.6923076923076923,0.15384615384615385,0.3076923076923077,0.0,0.0,0.0,0.0,0.0,2.3846153846153846,0.0,0.0,0.0,0.0,0.0,0.0,2.923076923076923,2.1538461538461537,0.0,0.38461538461538464,0.0,0.0,0.0,0.0,0.0,0.0,0.0,0.0,0.0,0.0,0.0,0.6923076923076923,0.0,0.0,0.46153846153846156,0.0,0.0,1.0,0.0,0.0,0.0,0.0,0.0,0.0
141-78-6,0.9230769230769231,0.0,0.46153846153846156,0.0,0.8461538461538461,0.6153846153846154,0.46153846153846156,0.0,0.0,0.0,0.0,0.0,0.0,0.0,1.3076923076923077,0.0,3.5384615384615383,0.38461538461538464,0.0,0.0,0.46153846153846156,0.0,0.0,0.0,0.0,0.0,0.0,0.0,1.3076923076923077,0.0,0.0,0.0,0.38461538461538464,0.0,0.3076923076923077,0.0,0.23076923076923078,0.0,0.0,0.0,0.0,0.0,0.23076923076923078
141-97-9,0.0,0.6923076923076923,0.0,0.0,0.46153846153846156,0.0,0.0,0.15384615384615385,0.0,0.0,0.0,0.0,0.0,0.0,0.23076923076923078,0.6923076923076923,0.0,0.3076923076923077,0.0,0.15384615384615385,0.0,0.0,0.0,0.0,4.0,0.0,0.0,0.0,0.23076923076923078,0.0,0.0,0.0,0.0,0.0,0.0,0.0,2.076923076923077,0.0,0.0,0.3076923076923077,0.0,0.0,0.0
142-19-8,3.6153846153846154,0.0,0.0,0.0,0.23076923076923078,0.0,1.0769230769230769,0.0,0.0,0.0,0.0,0.0,0.0,0.0,0.0,0.0,1.9230769230769231,0.0,0.0,0.0,0.0,0.0,0.0,0.0,0.0,0.0,0.0,0.0,0.6153846153846154,0.0,4.076923076923077,0.0,0.0,0.0,0.9230769230769231,0.3076923076923077,0.5384615384615384,0.0,0.46153846153846156,0.0,0.0,0.0,0.0
142-92-7,0.0,0.0,0.0,0.0,3.4615384615384617,0.0,1.3846153846153846,0.0,0.6923076923076923,0.0,0.0,0.0,0.0,0.0,0.0,0.6923076923076923,6.538461538461538,0.7692307692307693,0.6923076923076923,0.0,0.0,0.0,0.0,0.0,0.3076923076923077,0.0,0.0,0.15384615384615385,0.15384615384615385,0.0,0.0,0.15384615384615385,0.0,0.15384615384615385,0.0,0.15384615384615385,2.6153846153846154,0.0,0.9230769230769231,0.0,0.0,0.46153846153846156,0.7692307692307693
14667-55-1,0.0,0.0,0.15384615384615385,0.0,0.0,0.0,0.0,0.46153846153846156,0.15384615384615385,0.6153846153846154,0.0,0.3076923076923077,0.0,0.0,1.1538461538461537,0.0,0.46153846153846156,1.0769230769230769,0.38461538461538464,0.0,0.0,0.3076923076923077,0.0,0.0,0.0,3.6923076923076925,1.0,0.0,0.0,0.5384615384615384,0.0,0.0,3.076923076923077,0.0,0.0,1.8461538461538463,2.4615384615384617,0.23076923076923078,0.38461538461538464,0.0,0.0,1.0,0.5384615384615384
150-84-5,0.9230769230769231,0.15384615384615385,0.0,0.0,0.0,0.38461538461538464,0.0,0.0,1.7692307692307692,0.0,0.0,0.0,0.0,0.0,0.0,2.076923076923077,1.6153846153846154,0.7692307692307693,0.0,0.0,0.0,0.0,0.0,0.0,0.23076923076923078,0.0,0.0,0.0,0.0,0.0,0.15384615384615385,0.0,0.0,1.1538461538461537,0.0,0.0,1.0,0.0,0.0,0.0,0.0,0.0,0.5384615384615384
2052-14-4,0.0,1.6153846153846154,0.0,0.0,0.0,0.0,0.0,0.0,0.0,0.0,0.15384615384615385,0.0,0.3076923076923077,0.3076923076923077,0.23076923076923078,0.46153846153846156,0.15384615384615385,0.9230769230769231,0.3076923076923077,0.38461538461538464,0.0,0.0,0.0,0.0,4.153846153846154,0.23076923076923078,0.0,0.0,0.0,0.0,0.0,0.0,0.0,0.38461538461538464,0.0,0.3076923076923077,1.3076923076923077,0.0,0.0,0.38461538461538464,0.0,0.23076923076923078,0.38461538461538464
22047-25-2,0.0,0.0,0.6153846153846154,0.0,0.0,0.3076923076923077,0.0,1.3846153846153846,0.0,0.38461538461538464,0.6153846153846154,0.0,0.23076923076923078,0.7692307692307693,0.15384615384615385,0.0,0.0,0.0,0.0,0.0,0.0,0.6153846153846154,0.0,0.0,0.0,1.6153846153846154,0.23076923076923078,0.0,0.0,0.38461538461538464,0.0,0.0,2.3076923076923075,0.0,0.0,0.0,0.6153846153846154,0.3076923076923077,0.0,0.5384615384615384,0.0,0.0,0.0
2244-16-8,0.7692307692307693,0.0,0.0,0.0,0.0,0.0,0.0,0.0,0.0,0.0,0.0,0.0,0.0,0.0,0.46153846153846156,0.0,0.23076923076923078,1.7692307692307692,2.5384615384615383,0.0,0.0,0.0,2.3846153846153846,0.0,0.0,0.0,0.0,0.0,0.0,0.23076923076923078,0.0,0.0,0.0,0.15384615384615385,0.0,0.5384615384615384,0.0,0.0,0.0,0.0,0.0,0.0,1.7692307692307692
2305-05-7,0.0,0.15384615384615385,0.5384615384615384,0.0,0.0,0.15384615384615385,0.0,0.0,0.0,0.46153846153846156,1.0769230769230769,0.38461538461538464,0.0,1.8461538461538463,0.3076923076923077,0.3076923076923077,2.0,0.3076923076923077,0.0,0.0,0.0,0.0,0.0,0.0,0.0,0.0,0.0,1.4615384615384615,0.0,0.15384615384615385,0.0,0.0,0.46153846153846156,0.0,0.0,0.0,1.6923076923076923,0.0,0.0,0.0,0.0,0.0,0.38461538461538464
2721-22-4,0.0,0.0,0.0,0.0,0.0,0.0,0.0,0.7692307692307693,0.0,0.0,1.0769230769230769,0.0,0.0,2.076923076923077,0.8461538461538461,0.07692307692307693,0.7692307692307693,0.23076923076923078,0.0,0.46153846153846156,0.0,0.46153846153846156,0.0,0.0,0.0,0.46153846153846156,0.8461538461538461,0.0,0.0,0.0,0.0,0.0,0.0,0.0,0.0,0.0,0.38461538461538464,0.0,0.0,0.23076923076923078,0.0,0.0,0.23076923076923078
3301-94-8,0.07692307692307693,0.0,0.0,0.0,0.0,0.6153846153846154,0.0,0.6923076923076923,0.0,0.38461538461538464,4.3076923076923075,0.0,0.3076923076923077,1.7692307692307692,0.23076923076923078,0.0,0.0,0.15384615384615385,0.0,0.0,0.0,0.0,0.0,0.0,0.0,1.0769230769230769,0.15384615384615385,0.23076923076923078,0.0,0.0,0.0,0.0,0.46153846153846156,0.0,0.0,0.0,0.5384615384615384,0.0,0.0,0.15384615384615385,0.0,0.0,0.0
34590-94-8,3.6153846153846154,0.0,0.0,0.0,1.5384615384615385,0.0,0.8461538461538461,0.0,0.0,0.0,0.0,0.0,0.0,0.07692307692307693,0.0,0.0,1.0769230769230769,0.0,0.0,0.0,0.0,0.0,0.0,0.0,0.0,0.3076923076923077,0.0,0.0,0.23076923076923078,0.0,0.0,0.0,0.0,0.0,0.07692307692307693,0.46153846153846156,0.0,0.0,0.0,0.0,0.38461538461538464,0.0,0.0
41890-92-0,0.0,0.23076923076923078,0.0,0.0,0.0,0.0,0.0,0.0,0.0,0.0,0.0,0.0,0.0,0.07692307692307693,0.0,1.8461538461538463,0.3076923076923077,0.5384615384615384,0.23076923076923078,0.0,0.0,0.0,0.0,0.0,0.6923076923076923,0.0,0.0,0.0,0.0,0.0,0.0,0.0,0.0,0.0,0.0,0.0,1.6153846153846154,0.0,0.46153846153846156,0.15384615384615385,0.0,0.3076923076923077,4.0
502-72-7,0.0,0.07692307692307693,0.0,0.0,0.0,0.0,0.0,0.15384615384615385,0.0,0.0,0.0,0.0,0.0,0.0,0.15384615384615385,1.0769230769230769,0.9230769230769231,0.23076923076923078,0.23076923076923078,0.0,0.38461538461538464,0.0,0.0,0.0,4.384615384615385,0.0,0.0,0.0,0.0,0.0,0.0,0.0,0.0,0.0,0.0,0.38461538461538464,1.3076923076923077,0.3076923076923077,0.0,0.46153846153846156,0.0,0.0,0.7692307692307693
5910-89-4,0.0,0.15384615384615385,0.0,0.0,0.0,0.15384615384615385,0.0,0.8461538461538461,0.0,0.38461538461538464,0.0,0.0,0.38461538461538464,0.3076923076923077,0.23076923076923078,0.0,0.0,0.0,0.0,0.0,0.0,1.0,0.23076923076923078,0.0,0.15384615384615385,2.8461538461538463,0.46153846153846156,0.0,0.0,0.5384615384615384,0.0,0.23076923076923078,2.230769230769231,0.0,0.15384615384615385,0.0,0.0,0.0,0.0,0.0,0.0,0.7692307692307693,0.0
60-12-8,0.15384615384615385,0.3076923076923077,0.0,0.0,0.0,0.0,0.0,0.0,0.46153846153846156,0.0,0.0,0.0,0.0,0.0,0.0,2.0,0.5384615384615384,1.2307692307692308,0.46153846153846156,1.0,0.0,0.0,0.0,0.0,0.15384615384615385,0.0,0.0,0.0,0.0,0.46153846153846156,0.0,0.0,0.0,2.3076923076923075,0.0,0.46153846153846156,2.3846153846153846,0.0,0.0,0.0,0.0,0.0,0.6153846153846154
623-42-7,0.7692307692307693,0.3076923076923077,0.0,0.0,2.3846153846153846,0.0,0.5384615384615384,0.0,0.0,0.0,0.0,0.0,0.0,0.15384615384615385,0.38461538461538464,0.0,2.6153846153846154,0.7692307692307693,0.0,0.0,0.0,0.0,0.23076923076923078,0.0,0.6923076923076923,0.0,0.0,0.0,0.0,0.0,1.0769230769230769,0.0,0.0,0.0,0.0,0.23076923076923078,0.7692307692307693,0.0,0.0,0.38461538461538464,0.0,0.6153846153846154,0.0
6259-76-3,0.0,0.3076923076923077,0.23076923076923078,0.0,0.0,0.0,0.0,0.0,0.0,0.0,0.46153846153846156,0.0,0.0,0.0,0.0,1.0,0.6923076923076923,0.3076923076923077,0.8461538461538461,0.38461538461538464,0.46153846153846156,0.0,0.0,0.0,0.0,0.0,0.0,0.0,0.0,0.0,0.0,0.0,0.0,0.0,0.0,0.0,2.1538461538461537,0.0,0.0,0.15384615384615385,0.0,0.5384615384615384,0.23076923076923078
6485-40-1,0.9230769230769231,0.15384615384615385,0.0,0.38461538461538464,0.0,0.23076923076923078,0.0,0.0,0.0,0.0,0.0,0.0,0.0,0.0,0.0,0.46153846153846156,0.0,1.5384615384615385,2.1538461538461537,0.0,0.0,0.0,3.6923076923076925,0.0,0.0,0.0,0.0,0.0,0.0,0.0,0.0,0.0,0.0,0.0,0.0,0.46153846153846156,0.0,0.0,0.0,0.0,0.0,0.0,0.6153846153846154
67634-00-8,0.46153846153846156,0.23076923076923078,0.23076923076923078,0.0,0.5384615384615384,0.0,0.0,0.0,0.0,0.0,0.0,0.0,0.0,0.23076923076923078,0.15384615384615385,0.0,1.0,0.5384615384615384,0.15384615384615385,0.0,0.0,0.0,0.0,0.0,0.0,0.0,0.23076923076923078,0.15384615384615385,0.0,0.6153846153846154,1.7692307692307692,0.0,0.0,0.0,0.7692307692307693,0.3076923076923077,0.9230769230769231,0.0,0.3076923076923077,0.0,0.0,1.0,0.6923076923076923
695-06-7,0.0,0.0,0.0,0.0,0.23076923076923078,0.0,0.0,0.9230769230769231,0.0,0.0,0.5384615384615384,0.0,0.9230769230769231,1.3076923076923077,0.0,0.07692307692307693,0.0,0.0,2.6923076923076925,0.0,0.0,0.0,0.0,0.0,0.0,0.9230769230769231,0.0,0.0,0.0,0.3076923076923077,0.0,0.0,0.38461538461538464,0.0,0.3076923076923077,0.38461538461538464,0.3076923076923077,0.0,0.0,0.23076923076923078,0.0,0.6923076923076923,0.38461538461538464
698-76-0,0.0,0.0,0.0,0.0,0.0,0.0,0.0,1.1538461538461537,0.0,0.23076923076923078,2.1538461538461537,0.0,0.0,1.4615384615384615,0.0,0.0,0.07692307692307693,0.0,0.0,0.38461538461538464,0.0,0.0,0.0,0.0,0.0,1.2307692307692308,0.3076923076923077,0.46153846153846156,0.0,0.0,0.0,0.0,0.8461538461538461,0.0,0.0,0.0,0.23076923076923078,0.0,0.0,0.6153846153846154,0.0,0.0,0.9230769230769231
705-86-2,0.15384615384615385,0.0,0.0,0.0,0.0,0.0,0.0,0.0,0.0,0.38461538461538464,2.230769230769231,0.0,0.0,3.8461538461538463,0.15384615384615385,0.23076923076923078,0.0,0.0,0.0,0.07692307692307693,0.0,0.0,0.0,0.0,0.0,0.3076923076923077,0.15384615384615385,0.7692307692307693,0.0,0.0,0.23076923076923078,0.0,0.38461538461538464,0.0,0.0,0.0,1.9230769230769231,0.0,0.0,0.23076923076923078,0.0,0.15384615384615385,0.0
706-14-9,0.0,0.0,0.0,0.0,0.0,0.15384615384615385,0.0,0.6923076923076923,0.0,0.0,2.4615384615384617,0.3076923076923077,0.0,1.4615384615384615,0.3076923076923077,0.0,0.46153846153846156,0.0,0.0,0.0,0.0,0.0,0.0,0.0,0.0,1.1538461538461537,1.2307692307692308,0.5384615384615384,0.0,0.0,0.0,0.15384615384615385,0.38461538461538464,0.0,0.0,0.0,0.3076923076923077,0.0,0.0,0.0,0.0,0.23076923076923078,0.0
710-04-3,0.0,0.0,0.38461538461538464,0.0,0.0,0.9230769230769231,0.0,0.0,0.0,0.0,1.5384615384615385,0.0,0.0,1.1538461538461537,0.0,0.23076923076923078,0.0,0.0,0.0,0.0,0.0,0.0,0.0,0.0,0.0,0.5384615384615384,1.7692307692307692,1.0769230769230769,0.0,0.0,0.0,0.0,0.46153846153846156,0.0,0.0,0.0,1.0,0.0,0.0,0.23076923076923078,0.0,0.0,0.0
7452-79-1,0.0,0.15384615384615385,0.0,0.0,1.7692307692307692,0.15384615384615385,0.0,0.8461538461538461,0.0,0.38461538461538464,0.0,0.0,0.38461538461538464,0.3076923076923077,0.23076923076923078,0.0,3.6153846153846154,2.5384615384615383,0.0,0.0,0.0,0.0,0.23076923076923078,0.0,0.15384615384615385,0.0,0.46153846153846156,0.0,0.0,0.5384615384615384,0.0,0.23076923076923078,0.0,0.0,0.15384615384615385,0.0,0.3076923076923077,0.0,0.0,0.0,0.0,0.0,0.0
7493-74-5,0.3076923076923077,0.0,0.0,0.0,0.0,0.0,0.0,0.0,0.15384615384615385,0.0,0.0,0.0,0.0,0.0,0.0,0.0,0.38461538461538464,0.0,0.0,0.0,0.0,0.0,0.0,0.0,0.0,0.0,0.38461538461538464,0.0,0.0,0.0,4.615384615384615,0.0,0.0,0.3076923076923077,0.7692307692307693,0.0,0.9230769230769231,0.0,0.38461538461538464,0.0,0.0,0.46153846153846156,0.0
78-70-6,0.6153846153846154,0.0,0.0,0.0,0.0,0.23076923076923078,0.0,0.0,2.5384615384615383,0.0,0.0,0.0,0.23076923076923078,0.0,0.0,2.076923076923077,1.2307692307692308,0.6153846153846154,0.38461538461538464,0.0,0.0,0.0,0.3076923076923077,0.0,0.0,0.0,0.0,0.0,0.0,0.0,0.5384615384615384,0.0,0.0,2.1538461538461537,0.0,0.7692307692307693,0.46153846153846156,0.0,0.0,0.0,0.0,0.0,0.15384615384615385
821-55-6,0.0,0.0,0.0,0.0,0.5384615384615384,0.3076923076923077,0.0,0.0,0.3076923076923077,0.0,0.0,0.0,0.0,0.0,0.0,1.0769230769230769,1.3846153846153846,4.076923076923077,3.1538461538461537,0.0,0.0,0.0,0.0,0.3076923076923077,0.3076923076923077,0.0,0.0,0.0,0.0,0.6153846153846154,0.0,0.0,0.0,0.46153846153846156,0.0,0.6153846153846154,1.0769230769230769,0.15384615384615385,0.3076923076923077,0.15384615384615385,0.0,0.0,1.6153846153846154
82356-51-2,0.0,0.8461538461538461,0.0,0.0,0.0,0.0,0.0,0.0,0.0,0.0,0.15384615384615385,0.0,0.0,0.3076923076923077,0.23076923076923078,0.46153846153846156,0.15384615384615385,0.3076923076923077,0.0,0.38461538461538464,0.0,0.0,0.0,0.0,4.461538461538462,0.23076923076923078,0.0,0.0,0.0,0.0,0.0,0.0,0.0,0.38461538461538464,0.0,0.0,1.3076923076923077,0.0,0.0,0.38461538461538464,0.0,0.0,0.38461538461538464
868-57-5,0.0,0.0,0.0,0.0,2.076923076923077,0.0,0.0,0.6923076923076923,0.0,0.0,0.0,0.0,0.0,0.0,0.0,0.6153846153846154,4.0,0.5384615384615384,0.3076923076923077,0.0,0.0,0.0,0.0,0.0,0.0,0.0,0.0,0.0,0.0,0.0,0.0,0.0,0.0,0.0,0.0,0.0,1.0769230769230769,0.0,0.3076923076923077,0.0,0.0,0.0,0.8461538461538461
93-92-5,0.7692307692307693,0.0,0.0,0.0,0.46153846153846156,0.0,0.0,0.0,1.3846153846153846,0.0,0.0,0.0,0.0,0.0,0.0,0.7692307692307693,1.4615384615384615,1.4615384615384615,0.0,0.0,0.0,0.0,0.0,0.0,0.0,0.0,0.23076923076923078,0.0,0.0,0.0,0.6153846153846154,0.0,0.0,0.46153846153846156,1.2307692307692308,0.0,0.15384615384615385,0.0,0.0,0.0,0.0,0.5384615384615384,0.46153846153846156
97-53-0,0.0,0.0,0.0,0.23076923076923078,0.0,0.0,0.0,0.0,0.3076923076923077,0.0,0.0,0.0,0.15384615384615385,0.0,0.46153846153846156,1.0,0.3076923076923077,0.0,1.4615384615384615,0.0,0.0,0.0,0.3076923076923077,0.0,0.23076923076923078,0.0,0.0,0.0,0.0,0.0,0.0,0.0,0.0,0.0,0.0,2.923076923076923,0.6923076923076923,0.0,0.0,0.0,0.0,0.3076923076923077,2.0
97-54-1,0.0,0.0,0.0,0.0,0.0,0.3076923076923077,0.0,0.0,0.0,0.0,0.0,0.0,0.0,0.0,0.0,2.1538461538461537,0.7692307692307693,0.6153846153846154,0.15384615384615385,0.0,0.0,0.0,0.0,0.0,0.3076923076923077,0.0,0.0,0.46153846153846156,0.0,0.0,0.38461538461538464,0.0,0.0,0.46153846153846156,0.0,0.6923076923076923,3.5384615384615383,0.0,0.5384615384615384,0.15384615384615385,0.7692307692307693,0.0,2.1538461538461537
98-55-5,0.3076923076923077,0.0,0.0,0.0,0.0,0.0,0.0,0.0,0.0,0.0,0.0,0.0,0.0,0.0,0.0,2.230769230769231,0.0,0.0,0.23076923076923078,0.0,0.0,0.0,0.3076923076923077,0.0,0.0,0.15384615384615385,0.0,0.0,0.0,4.076923076923077,0.0,0.0,0.0,0.0,0.0,0.6923076923076923,0.9230769230769231,0.0,0.0,0.0,0.0,0.3076923076923077,1.8461538461538463
