external_molecule_id,cas,chemical_name,molecule_id,smiles_raw,canonical_smiles,in_public_dataset
EXT_001,100-51-6,Benzyl alcohol,MOL_000005,OCc1ccccc1,OCc1ccccc1,True
EXT_002,10094-34-5,Dimethylphenethyl butyrate,MOL_000048,CCCC(=O)OC(C)(C)Cc1ccccc1,CCCC(=O)OC(C)(C)Cc1ccccc1,True
EXT_003,103-28-6,Benzyl isobutyrate,MOL_000097,CC(C)C(=O)OCc1ccccc1,CC(C)C(=O)OCc1ccccc1,True
EXT_004,103-45-7,Phenethyl acetate,MOL_000102,CC(=O)OCCc1ccccc1,CC(=O)OCCc1ccccc1,True
EXT_005,103-48-0,Phenethyl isobutyrate,MOL_000103,CC(C)C(=O)OCCc1ccccc1,CC(C)C(=O)OCCc1ccccc1,True
EXT_006,103-52-6,Phenethyl butyrate,MOL_000105,CCCC(=O)OCCc1ccccc1,CCCC(=O)OCCc1ccccc1,True
EXT_007,103-60-6,Phenoxyethyl isobutyrate,MOL_000111,CC(C)C(=O)OCCOc1ccccc1,CC(C)C(=O)OCCOc1ccccc1,True
EXT_008,104-50-7,Octalactone,MOL_000137,CCCCC1CCC(=O)O1,CCCCC1CCC(=O)O1,True
EXT_009,104-61-0,Nonalactone,MOL_000142,CCCCC[C@H]1CCC(=O)O1,CCCCC[C@H]1CCC(=O)O1,True
EXT_010,104-62-1,Phenethyl formate,MOL_000143,O=COCCc1ccccc1,O=COCCc1ccccc1,True
EXT_011,104-67-6,Undecalactone,MOL_000146,CCCCCCC[C@H]1CCC(=O)O1,CCCCCCC[C@H]1CCC(=O)O1,True
EXT_012,105-21-5,Heptalactone,MOL_000187,CCCC1CCC(=O)O1,CCCC1CCC(=O)O1,True
EXT_013,105-53-3,Diethyl malonate,MOL_000193,CCOC(=O)CC(=O)OCC,CCOC(=O)CC(=O)OCC,True
EXT_014,105-54-4,Ethyl butyrate,MOL_000194,CCCC(=O)OCC,CCCC(=O)OCC,True
EXT_015,105-87-3,Geranyl acetate,MOL_000205,CC(=O)OC/C=C(\C)CCC=C(C)C,CC(=O)OC/C=C(\C)CCC=C(C)C,True
EXT_016,106-02-5,Pentadecalactone,MOL_000232,O=C1CCCCCCCCCCCCCCO1,O=C1CCCCCCCCCCCCCCO1,True
EXT_017,106-22-9,Citronellol,MOL_000236,CC(C)=CCC[C@@H](C)CCO,CC(C)=CCC[C@@H](C)CCO,True
EXT_018,106-24-1,Geraniol,MOL_000238,CC(C)=CCC/C(C)=C/CO,CC(C)=CCC/C(C)=C/CO,True
EXT_019,106-25-2,Nerol,MOL_000239,CC(C)=CCC/C(C)=C\CO,CC(C)=CCC/C(C)=C\CO,True
EXT_020,106-27-4,Isoamyl butyrate,MOL_000241,CCCC(=O)OCCC(C)C,CCCC(=O)OCCC(C)C,True
EXT_021,106-32-1,Ethyl octanoate,MOL_000245,CCCCCCCC(=O)OCC,CCCCCCCC(=O)OCC,True
EXT_022,108-29-2,Valerolactone,MOL_000292,CC1CCC(=O)O1,CC1CCC(=O)O1,True
EXT_023,108-50-9,Dimethylpyrazine,MOL_000297,Cc1cncc(C)n1,Cc1cncc(C)n1,True
EXT_024,109-08-0,Methylpyrazine,MOL_000317,Cc1cnccn1,Cc1cnccn1,True
EXT_025,109-21-7,Butyl butyrate,MOL_000321,CCCCOC(=O)CCC,CCCCOC(=O)CCC,True
EXT_026,109-60-4,Propyl acetate,MOL_000328,CCCOC(C)=O,CCCOC(C)=O,True
EXT_027,110-19-0,Isobutyl acetate,MOL_000347,CC(=O)OCC(C)C,CC(=O)OCC(C)C,True
EXT_028,110-38-3,Ethyl decanoate,MOL_000351,CCCCCCCCCC(=O)OCC,CCCCCCCCCC(=O)OCC,True
EXT_029,110-41-8,Methylundecanal,MOL_000354,CCCCCCCCCC(C)C=O,CCCCCCCCCC(C)C=O,True
EXT_030,110-43-0,Heptanone,MOL_000356,CCCCCC(C)=O,CCCCCC(C)=O,True
EXT_031,111-11-5,Methyl octanoate,MOL_000376,CCCCCCCC(=O)OC,CCCCCCCC(=O)OC,True
EXT_032,111-13-7,Octanone,MOL_000378,CCCCCCC(C)=O,CCCCCCC(C)=O,True
EXT_033,111879-80-2,(E)-12-musk decenone,MOL_000419,C1CCCC/C=C/CCCOC(=O)CCCC1,O=C1CCCCCCCCC/C=C/CCCO1,True
EXT_034,112-14-1,Octyl acetate,MOL_000428,CCCCCCCCOC(C)=O,CCCCCCCCOC(C)=O,True
EXT_035,112-44-7,Undecanal,MOL_000442,CCCCCCCCCCC=O,CCCCCCCCCCC=O,True
EXT_036,1124-11-4,Tetramethylpyrazine,MOL_000460,Cc1nc(C)c(C)nc1C,Cc1nc(C)c(C)nc1C,True
EXT_037,115-95-7,Linalyl acetate,MOL_000479,C=CC(C)(CCC=C(C)C)OC(C)=O,C=CC(C)(CCC=C(C)C)OC(C)=O,True
EXT_038,118-58-1,Benzyl salicylate,MOL_000498,O=C(OCc1ccccc1)c1ccccc1O,O=C(OCc1ccccc1)c1ccccc1O,True
EXT_039,119-36-8,Methyl salicylate,MOL_000511,COC(=O)c1ccccc1O,COC(=O)c1ccccc1O,True
EXT_040,121-32-4,Ethyl vanillin,MOL_000561,CCOc1cc(C=O)ccc1O,CCOc1cc(C=O)ccc1O,True
EXT_041,121-33-5,Vanillin,MOL_000562,COc1cc(C=O)ccc1O,COc1cc(C=O)ccc1O,True
EXT_042,122-63-4,Benzyl propionate,MOL_000585,CCC(=O)OCc1ccccc1,CCC(=O)OCc1ccccc1,True
EXT_043,122-70-3,Phenethyl propionate,MOL_000589,CCC(=O)OCCc1ccccc1,CCC(=O)OCCc1ccccc1,True
EXT_044,123-11-5,Anisaldehyde: p-Anisaldehyde,MOL_000611,COc1ccc(C=O)cc1,COc1ccc(C=O)cc1,True
EXT_045,123-29-5,Ethyl nonanoate,MOL_000615,CCCCCCCCC(=O)OCC,CCCCCCCCC(=O)OCC,True
EXT_046,123-32-0,Dimethylpyrazine,MOL_000616,Cc1cnc(C)cn1,Cc1cnc(C)cn1,True
EXT_047,123-66-0,Ethyl hexanoate,MOL_000622,CCCCCC(=O)OCC,CCCCCC(=O)OCC,True
EXT_048,123-68-2,Allyl hexanoate,MOL_000623,C=CCOC(=O)CCCCC,C=CCOC(=O)CCCCC,True
EXT_049,123-86-4,Butyl acetate,MOL_000630,CCCCOC(C)=O,CCCCOC(C)=O,True
EXT_050,140-11-4,Benzyl acetate,MOL_000836,CC(=O)OCc1ccccc1,CC(=O)OCc1ccccc1,True
EXT_051,141-12-8,Neryl acetate,MOL_000857,CC(=O)OC/C=C(/C)CCC=C(C)C,CC(=O)OC/C=C(/C)CCC=C(C)C,True
EXT_052,141-78-6,Ethyl acetate,MOL_000865,CCOC(C)=O,CCOC(C)=O,True
EXT_053,141-97-9,Ethyl acetoacetate,MOL_000868,CCOC(=O)CC(C)=O,CCOC(=O)CC(C)=O,True
EXT_054,142-19-8,Allyl heptanoate,MOL_000876,C=CCOC(=O)CCCCCC,C=CCOC(=O)CCCCCC,True
EXT_055,142-92-7,Hexyl acetate,MOL_000885,CCCCCCOC(C)=O,CCCCCCOC(C)=O,True
EXT_056,14667-55-1,Trimethylpyrazine,MOL_000928,Cc1cnc(C)c(C)n1,Cc1cnc(C)c(C)n1,True
EXT_057,150-84-5,Citronellyl acetate,MOL_000950,CC(=O)OCCC(C)CCC=C(C)C,CC(=O)OCCC(C)CCC=C(C)C,True
EXT_058,2052-14-4,butyl salicylate,MOL_001306,CCCCOC(=O)C1=CC=CC=C1O,CCCCOC(=O)c1ccccc1O,True
EXT_059,22047-25-2,Acetylpyrazine,MOL_001389,CC(=O)c1cnccn1,CC(=O)c1cnccn1,True
EXT_060,2244-16-8,dextro-carvone,MOL_001414,CC1=CC[C@@H](CC1=O)C(=C)C,C=C(C)[C@H]1CC=C(C)C(=O)C1,True
EXT_061,2305-05-7,Dodecalactone,MOL_001443,CCCCCCCCC1CCC(=O)O1,CCCCCCCCC1CCC(=O)O1,True
EXT_062,2721-22-4,Tetradecalactone,MOL_001691,CCCCCCCCCC1CCCC(=O)O1,CCCCCCCCCC1CCCC(=O)O1,True
EXT_063,3301-94-8,Nonalactone,MOL_001904,CCCCC1CCCC(=O)O1,CCCCC1CCCC(=O)O1,True
EXT_064,34590-94-8,,,,,False
EXT_065,41890-92-0,sandal octanol,MOL_002236,CC(CCCC(C)(C)OC)C(C)O,COC(C)(C)CCCC(C)C(C)O,True
EXT_066,502-72-7,exaltone (Firmenich),MOL_002466,C1CCCCCCCC(=O)CCCCCC1,O=C1CCCCCCCCCCCCCC1,True
EXT_067,5910-89-4,Dimethylpyrazine,MOL_002989,Cc1nccnc1C,Cc1nccnc1C,True
EXT_068,60-12-8,Phenethyl alcohol,MOL_003047,OCCc1ccccc1,OCCc1ccccc1,True
EXT_069,623-42-7,Methyl butyrate,MOL_003199,CCCC(=O)OC,CCCC(=O)OC,True
EXT_070,6259-76-3,Hexyl salicylate,MOL_003232,CCCCCCOC(=O)c1ccccc1O,CCCCCCOC(=O)c1ccccc1O,True
EXT_071,6485-40-1,laevo-carvone,MOL_003369,CC1=CC[C@H](CC1=O)C(=C)C,C=C(C)[C@@H]1CC=C(C)C(=O)C1,True
EXT_072,67634-00-8,Allyl isoamyloxyacetate,MOL_003481,C=CCOC(=O)COCCC(C)C,C=CCOC(=O)COCCC(C)C,True
EXT_073,695-06-7,Hexalactone,MOL_003680,CCC1CCC(=O)O1,CCC1CCC(=O)O1,True
EXT_074,698-76-0,Octalactone,MOL_003692,CCCC1CCCC(=O)O1,CCCC1CCCC(=O)O1,True
EXT_075,705-86-2,Decalactone,MOL_003716,CCCCCC1CCCC(=O)O1,CCCCCC1CCCC(=O)O1,True
EXT_076,706-14-9,Decalactone,MOL_003717,CCCCCCC1CCC(=O)O1,CCCCCCC1CCC(=O)O1,True
EXT_077,710-04-3,Undecalactone,MOL_003727,CCCCCCC1CCCC(=O)O1,CCCCCCC1CCCC(=O)O1,True
EXT_078,7452-79-1,Ethyl methylbutyrate,MOL_003852,CCOC(=O)C(C)CC,CCOC(=O)C(C)CC,True
EXT_079,7493-74-5,Allyl phenoxyacetate,MOL_003882,C=CCOC(=O)COc1ccccc1,C=CCOC(=O)COc1ccccc1,True
EXT_080,78-70-6,Linalool,MOL_004039,C=CC(C)(O)CCC=C(C)C,C=CC(C)(O)CCC=C(C)C,True
EXT_081,821-55-6,Nonanone,MOL_004120,CCCCCCCC(C)=O,CCCCCCCC(C)=O,True
EXT_082,82356-51-2,,,,,False
EXT_083,868-57-5,Methyl methylbutyrate,MOL_004181,CCC(C)C(=O)OC,CCC(C)C(=O)OC,True
EXT_084,93-92-5,styralyl acetate,MOL_004333,CC(C1=CC=CC=C1)OC(=O)C,CC(=O)OC(C)c1ccccc1,True
EXT_085,97-53-0,Eugenol,MOL_004443,C=CCc1ccc(O)c(OC)c1,C=CCc1ccc(O)c(OC)c1,True
EXT_086,97-54-1,isoeugenol,MOL_004444,CC(=C)C1=CC(=C(C=C1)O)OC,C=C(C)c1ccc(O)c(OC)c1,True
EXT_087,98-55-5,Terpineol,MOL_004471,CC1=CC[C@H](C(C)(C)O)CC1,CC1=CC[C@H](C(C)(C)O)CC1,True
