pair_id,cas1,cas2,pair_key,label_set_1,label_set_2,jaccard_similarity,jaccard_dissimilarity
PAIR_0001,10094-34-5,93-92-5,10094-34-5__93-92-5,apricot;fruity;herbal;sweet;woody,alcoholic;citrus;fruity;green;sour,0.1111111111111111,0.8888888888888888
PAIR_0002,103-45-7,140-11-4,103-45-7__140-11-4,floral;fruity;honey;rose;sweet,banana;fatty;fruity;musky;sweet,0.25,0.75
PAIR_0003,105-53-3,141-97-9,105-53-3__141-97-9,alcoholic;fruity;pineapple;sweet;tropical_fruit,aldehydic;apple;floral;musky;sweet,0.1111111111111111,0.8888888888888888
PAIR_0004,108-50-9,123-32-0,108-50-9__123-32-0,caramel;cocoa;nutty;roasted;sweet,coumaric;creamy;nutty;oily;roasted,0.25,0.75
PAIR_0005,109-08-0,5910-89-4,109-08-0__5910-89-4,almond;cocoa;creamy;nutty;roasted,caramel;meaty;nutty;roasted;waxy,0.25,0.75
PAIR_0006,110-41-8,112-44-7,110-41-8__112-44-7,aldehydic;citrus;fruity;green;sweet,aldehydic;citrus;fruity;green;sour,0.6666666666666666,0.33333333333333337
PAIR_0007,115-95-7,150-84-5,115-95-7__150-84-5,citrus;floral;fruity;rose;woody,citrus;floral;fruity;rose;sweet,0.6666666666666666,0.33333333333333337
PAIR_0008,118-58-1,6259-76-3,118-58-1__6259-76-3,apricot;creamy;floral;fruity;sweet,floral;fruity;herbal;sweet;waxy,0.42857142857142855,0.5714285714285714
PAIR_0009,123-32-0,5910-89-4,123-32-0__5910-89-4,coumaric;creamy;nutty;oily;roasted,caramel;meaty;nutty;roasted;waxy,0.25,0.75
PAIR_0010,123-68-2,142-19-8,123-68-2__142-19-8,alcoholic;banana;fruity;pineapple;sour,alcoholic;banana;fruity;pineapple;sour,1.0,0.0
PAIR_0011,2244-16-8,6485-40-1,2244-16-8__6485-40-1,alcoholic;green;herbal;mint;woody,alcoholic;green;herbal;mint;woody,1.0,0.0
PAIR_0012,34590-94-8,41890-92-0,34590-94-8__41890-92-0,alcoholic;apple;banana;fruity;spicy,floral;green;musky;sweet;woody,0.0,1.0
PAIR_0013,502-72-7,82356-51-2,502-72-7__82356-51-2,floral;fruity;musky;sweet;woody,aldehydic;floral;honey;musky;sweet,0.42857142857142855,0.5714285714285714
PAIR_0014,104-50-7,104-61-0,104-50-7__104-61-0,caramel;coconut;creamy;nutty;sweet,almond;coconut;creamy;fatty;nutty,0.42857142857142855,0.5714285714285714
PAIR_0015,104-50-7,104-67-6,104-50-7__104-67-6,caramel;coconut;creamy;nutty;sweet,creamy;floral;fruity;peach;sweet,0.25,0.75
PAIR_0016,104-50-7,706-14-9,104-50-7__706-14-9,caramel;coconut;creamy;nutty;sweet,caramel;coconut;creamy;nutty;oily,0.6666666666666666,0.33333333333333337
PAIR_0017,104-61-0,104-67-6,104-61-0__104-67-6,almond;coconut;creamy;fatty;nutty,creamy;floral;fruity;peach;sweet,0.1111111111111111,0.8888888888888888
PAIR_0018,104-61-0,108-29-2,104-61-0__108-29-2,almond;coconut;creamy;fatty;nutty,coconut;creamy;fruity;herbal;sweet,0.25,0.75
PAIR_0019,104-61-0,695-06-7,104-61-0__695-06-7,almond;coconut;creamy;fatty;nutty,caramel;coumaric;creamy;herbal;nutty,0.25,0.75
PAIR_0020,104-61-0,706-14-9,104-61-0__706-14-9,almond;coconut;creamy;fatty;nutty,caramel;coconut;creamy;nutty;oily,0.42857142857142855,0.5714285714285714
PAIR_0021,104-67-6,108-29-2,104-67-6__108-29-2,creamy;floral;fruity;peach;sweet,coconut;creamy;fruity;herbal;sweet,0.42857142857142855,0.5714285714285714
PAIR_0022,104-67-6,695-06-7,104-67-6__695-06-7,creamy;floral;fruity;peach;sweet,caramel;coumaric;creamy;herbal;nutty,0.1111111111111111,0.8888888888888888
PAIR_0023,105-21-5,698-76-0,105-21-5__698-76-0,caramel;coconut;creamy;nutty;sweet,caramel;coconut;creamy;nutty;woody,0.6666666666666666,0.33333333333333337
PAIR_0024,105-53-3,105-54-4,105-53-3__105-54-4,alcoholic;fruity;pineapple;sweet;tropical_fruit,alcoholic;apple;fruity;pineapple;sour,0.42857142857142855,0.5714285714285714
PAIR_0025,105-54-4,106-32-1,105-54-4__106-32-1,alcoholic;apple;fruity;pineapple;sour,alcoholic;fruity;pineapple;spicy;sweet,0.42857142857142855,0.5714285714285714
PAIR_0026,105-54-4,110-38-3,105-54-4__110-38-3,alcoholic;apple;fruity;pineapple;sour,alcoholic;fruity;nutty;roasted;waxy,0.25,0.75
PAIR_0027,105-54-4,123-29-5,105-54-4__123-29-5,alcoholic;apple;fruity;pineapple;sour,alcoholic;fruity;rose;spicy;tropical_fruit,0.25,0.75
PAIR_0028,105-54-4,123-66-0,105-54-4__123-66-0,alcoholic;apple;fruity;pineapple;sour,alcoholic;apple;fruity;pineapple;tropical_fruit,0.6666666666666666,0.33333333333333337
PAIR_0029,105-54-4,141-78-6,105-54-4__141-78-6,alcoholic;apple;fruity;pineapple;sour,alcoholic;apple;fatty;fruity;pear,0.42857142857142855,0.5714285714285714
PAIR_0030,106-22-9,150-84-5,106-22-9__150-84-5,citrus;fruity;green;rose;sweet,citrus;floral;fruity;rose;sweet,0.6666666666666666,0.33333333333333337
PAIR_0031,106-25-2,141-12-8,106-25-2__141-12-8,citrus;floral;fruity;mint;rose,alcoholic;citrus;floral;fruity;sweet,0.42857142857142855,0.5714285714285714
PAIR_0032,108-29-2,695-06-7,108-29-2__695-06-7,coconut;creamy;fruity;herbal;sweet,caramel;coumaric;creamy;herbal;nutty,0.25,0.75
PAIR_0033,108-29-2,706-14-9,108-29-2__706-14-9,coconut;creamy;fruity;herbal;sweet,caramel;coconut;creamy;nutty;oily,0.25,0.75
PAIR_0034,109-60-4,110-19-0,109-60-4__110-19-0,alcoholic;banana;fruity;roasted;waxy,alcoholic;banana;floral;fruity;pear,0.42857142857142855,0.5714285714285714
PAIR_0035,109-60-4,112-14-1,109-60-4__112-14-1,alcoholic;banana;fruity;roasted;waxy,alcoholic;citrus;fruity;spicy;sweet,0.25,0.75
PAIR_0036,109-60-4,141-78-6,109-60-4__141-78-6,alcoholic;banana;fruity;roasted;waxy,alcoholic;apple;fatty;fruity;pear,0.25,0.75
PAIR_0037,110-19-0,112-14-1,110-19-0__112-14-1,alcoholic;banana;floral;fruity;pear,alcoholic;citrus;fruity;spicy;sweet,0.25,0.75
PAIR_0038,110-19-0,141-78-6,110-19-0__141-78-6,alcoholic;banana;floral;fruity;pear,alcoholic;apple;fatty;fruity;pear,0.42857142857142855,0.5714285714285714
PAIR_0039,110-38-3,123-29-5,110-38-3__123-29-5,alcoholic;fruity;nutty;roasted;waxy,alcoholic;fruity;rose;spicy;tropical_fruit,0.25,0.75
PAIR_0040,110-38-3,123-66-0,110-38-3__123-66-0,alcoholic;fruity;nutty;roasted;waxy,alcoholic;apple;fruity;pineapple;tropical_fruit,0.25,0.75
PAIR_0041,110-38-3,141-78-6,110-38-3__141-78-6,alcoholic;fruity;nutty;roasted;waxy,alcoholic;apple;fatty;fruity;pear,0.25,0.75
PAIR_0042,112-14-1,141-78-6,112-14-1__141-78-6,alcoholic;citrus;fruity;spicy;sweet,alcoholic;apple;fatty;fruity;pear,0.25,0.75
PAIR_0043,115-95-7,78-70-6,115-95-7__78-70-6,citrus;floral;fruity;rose;woody,citrus;floral;fruity;rose;spicy,0.6666666666666666,0.33333333333333337
PAIR_0044,118-58-1,119-36-8,118-58-1__119-36-8,apricot;creamy;floral;fruity;sweet,green;herbal;mint;pine_needle;spicy,0.0,1.0
PAIR_0045,118-58-1,140-11-4,118-58-1__140-11-4,apricot;creamy;floral;fruity;sweet,banana;fatty;fruity;musky;sweet,0.25,0.75
PAIR_0046,121-32-4,121-33-5,121-32-4__121-33-5,cocoa;creamy;fruity;sweet;vanilla,caramel;cocoa;creamy;roasted;vanilla,0.42857142857142855,0.5714285714285714
PAIR_0047,123-29-5,123-66-0,123-29-5__123-66-0,alcoholic;fruity;rose;spicy;tropical_fruit,alcoholic;apple;fruity;pineapple;tropical_fruit,0.42857142857142855,0.5714285714285714
PAIR_0048,123-29-5,141-78-6,123-29-5__141-78-6,alcoholic;fruity;rose;spicy;tropical_fruit,alcoholic;apple;fatty;fruity;pear,0.25,0.75
PAIR_0049,123-66-0,123-68-2,123-66-0__123-68-2,alcoholic;apple;fruity;pineapple;tropical_fruit,alcoholic;banana;fruity;pineapple;sour,0.42857142857142855,0.5714285714285714
PAIR_0050,123-66-0,141-78-6,123-66-0__141-78-6,alcoholic;apple;fruity;pineapple;tropical_fruit,alcoholic;apple;fatty;fruity;pear,0.42857142857142855,0.5714285714285714
PAIR_0051,141-78-6,141-97-9,141-78-6__141-97-9,alcoholic;apple;fatty;fruity;pear,aldehydic;apple;floral;musky;sweet,0.1111111111111111,0.8888888888888888
PAIR_0052,2721-22-4,3301-94-8,2721-22-4__3301-94-8,caramel;coconut;creamy;fatty;oily,apricot;caramel;coconut;creamy;nutty,0.42857142857142855,0.5714285714285714
PAIR_0053,2721-22-4,698-76-0,2721-22-4__698-76-0,caramel;coconut;creamy;fatty;oily,caramel;coconut;creamy;nutty;woody,0.42857142857142855,0.5714285714285714
PAIR_0054,2721-22-4,705-86-2,2721-22-4__705-86-2,caramel;coconut;creamy;fatty;oily,cocoa;coconut;creamy;peach;sweet,0.25,0.75
PAIR_0055,2721-22-4,710-04-3,2721-22-4__710-04-3,caramel;coconut;creamy;fatty;oily,coconut;creamy;oily;peach;sweet,0.42857142857142855,0.5714285714285714
PAIR_0056,3301-94-8,698-76-0,3301-94-8__698-76-0,apricot;caramel;coconut;creamy;nutty,caramel;coconut;creamy;nutty;woody,0.6666666666666666,0.33333333333333337
PAIR_0057,3301-94-8,710-04-3,3301-94-8__710-04-3,apricot;caramel;coconut;creamy;nutty,coconut;creamy;oily;peach;sweet,0.25,0.75
PAIR_0058,695-06-7,706-14-9,695-06-7__706-14-9,caramel;coumaric;creamy;herbal;nutty,caramel;coconut;creamy;nutty;oily,0.42857142857142855,0.5714285714285714
PAIR_0059,698-76-0,710-04-3,698-76-0__710-04-3,caramel;coconut;creamy;nutty;woody,coconut;creamy;oily;peach;sweet,0.25,0.75
PAIR_0060,705-86-2,710-04-3,705-86-2__710-04-3,cocoa;coconut;creamy;peach;sweet,coconut;creamy;oily;peach;sweet,0.6666666666666666,0.33333333333333337
