cas,top1_label,top1_score,top2_label,top2_score,top3_label,top3_score,top4_label,top4_score,top5_label,top5_score
100-51-6,fruity,4.461538461538462,almond,2.923076923076923,nutty,2.230769230769231,sweet,1.5384615384615385,musky,1.3846153846153846
10094-34-5,herbal,1.6923076923076923,apricot,1.0769230769230769,sweet,1.0769230769230769,fruity,0.7692307692307693,woody,0.7692307692307693
103-28-6,fruity,4.0,sweet,2.769230769230769,rose,2.3076923076923075,tropical_fruit,1.9230769230769231,floral,1.8461538461538463
103-45-7,floral,2.3076923076923075,rose,2.3076923076923075,honey,1.9230769230769231,fruity,1.8461538461538463,sweet,0.9230769230769231
103-48-0,floral,2.923076923076923,rose,2.3846153846153846,fruity,2.1538461538461537,sweet,1.0,banana,0.6923076923076923
103-52-6,floral,4.0,fruity,3.1538461538461537,alcoholic,2.076923076923077,sweet,1.4615384615384615,green,1.3846153846153846
103-60-6,honey,2.4615384615384617,apple,1.8461538461538463,fruity,1.4615384615384615,sweet,1.1538461538461537,sour,0.8461538461538461
104-50-7,coconut,2.8461538461538463,creamy,1.6923076923076923,sweet,1.3846153846153846,nutty,0.9230769230769231,caramel,0.7692307692307693
104-61-0,coconut,6.384615384615385,creamy,2.0,fatty,0.8461538461538461,nutty,0.6923076923076923,almond,0.5384615384615384
104-62-1,green,3.230769230769231,herbal,2.5384615384615383,sweet,2.4615384615384617,fruity,1.2307692307692308,banana,1.0769230769230769
104-67-6,peach,5.153846153846154,fruity,1.7692307692307692,creamy,1.1538461538461537,sweet,1.0,floral,0.6153846153846154
105-21-5,creamy,2.6153846153846154,coconut,1.4615384615384615,nutty,1.1538461538461537,sweet,1.0,caramel,0.7692307692307693
105-53-3,tropical_fruit,2.3076923076923075,sweet,1.4615384615384615,fruity,1.2307692307692308,pineapple,0.5384615384615384,alcoholic,0.46153846153846156
105-54-4,alcoholic,3.923076923076923,fruity,2.6923076923076925,pineapple,2.3846153846153846,apple,0.7692307692307693,sour,0.5384615384615384
105-87-3,floral,3.0,rose,2.8461538461538463,woody,1.8461538461538463,sweet,1.0769230769230769,waxy,1.0
106-02-5,musky,5.384615384615385,sweet,1.6153846153846154,floral,0.7692307692307693,aldehydic,0.5384615384615384,creamy,0.46153846153846156
106-22-9,citrus,2.076923076923077,fruity,1.6153846153846154,green,1.6153846153846154,sweet,1.4615384615384615,rose,1.3076923076923077
106-24-1,fruity,4.153846153846154,floral,3.3846153846153846,rose,2.1538461538461537,sweet,2.0,citrus,1.4615384615384615
106-25-2,citrus,3.3846153846153846,fruity,3.230769230769231,floral,2.230769230769231,rose,0.6923076923076923,mint,0.6153846153846154
106-27-4,fruity,2.769230769230769,pineapple,2.076923076923077,sweet,1.8461538461538463,banana,1.6153846153846154,tropical_fruit,1.6153846153846154
106-32-1,alcoholic,4.0,pineapple,2.8461538461538463,fruity,2.4615384615384617,sweet,0.8461538461538461,spicy,0.6923076923076923
108-29-2,sweet,1.8461538461538463,herbal,1.5384615384615385,coconut,1.2307692307692308,fruity,1.0,creamy,0.9230769230769231
108-50-9,roasted,2.769230769230769,nutty,2.3076923076923075,cocoa,1.0,sweet,0.8461538461538461,caramel,0.6153846153846154
109-08-0,nutty,2.8461538461538463,roasted,2.3846153846153846,almond,1.6923076923076923,cocoa,1.2307692307692308,creamy,0.6923076923076923
109-21-7,fruity,5.846153846153846,tropical_fruit,3.1538461538461537,sweet,2.4615384615384617,pineapple,2.1538461538461537,apple,1.3076923076923077
109-60-4,alcoholic,2.769230769230769,fruity,2.3076923076923075,waxy,1.7692307692307692,roasted,1.2307692307692308,banana,0.5384615384615384
110-19-0,fruity,1.8461538461538463,floral,1.6923076923076923,pear,1.6923076923076923,banana,1.5384615384615385,alcoholic,1.0
110-38-3,fruity,3.076923076923077,nutty,1.8461538461538463,alcoholic,1.6153846153846154,roasted,0.6923076923076923,waxy,0.6153846153846154
110-41-8,citrus,1.5384615384615385,fruity,1.3846153846153846,green,1.0,aldehydic,0.8461538461538461,sweet,0.5384615384615384
110-43-0,alcoholic,2.4615384615384617,pear,1.0769230769230769,pineapple,1.0,fruity,0.8461538461538461,sour,0.7692307692307693
111-11-5,green,3.6153846153846154,sweet,3.3846153846153846,fruity,2.0,vegetable,1.5384615384615385,citrus,1.3846153846153846
111-13-7,herbal,4.384615384615385,green,3.0,woody,2.1538461538461537,floral,1.4615384615384615,fruity,0.9230769230769231
111879-80-2,musky,2.076923076923077,sweet,1.8461538461538463,fruity,1.3846153846153846,floral,1.0769230769230769,pine_needle,0.6153846153846154
112-14-1,fruity,2.6153846153846154,alcoholic,1.0769230769230769,sweet,0.7692307692307693,spicy,0.6923076923076923,citrus,0.6153846153846154
112-44-7,citrus,4.0,aldehydic,1.4615384615384615,sour,1.3846153846153846,green,1.3076923076923077,fruity,0.8461538461538461
1124-11-4,nutty,2.230769230769231,cocoa,0.9230769230769231,creamy,0.9230769230769231,roasted,0.8461538461538461,peach,0.6153846153846154
115-95-7,citrus,2.3846153846153846,fruity,2.3846153846153846,floral,1.4615384615384615,woody,1.2307692307692308,rose,1.0769230769230769
118-58-1,sweet,1.8461538461538463,fruity,1.4615384615384615,floral,1.3076923076923077,apricot,0.46153846153846156,creamy,0.46153846153846156
119-36-8,herbal,3.230769230769231,mint,2.6153846153846154,green,2.230769230769231,pine_needle,1.0,spicy,0.6153846153846154
121-32-4,creamy,4.384615384615385,sweet,3.076923076923077,vanilla,2.923076923076923,fruity,0.46153846153846156,cocoa,0.38461538461538464
121-33-5,vanilla,4.923076923076923,creamy,2.1538461538461537,caramel,1.6923076923076923,roasted,0.8461538461538461,cocoa,0.6153846153846154
122-63-4,sweet,2.1538461538461537,fruity,1.5384615384615385,banana,1.0769230769230769,floral,1.0769230769230769,aldehydic,0.6153846153846154
122-70-3,floral,4.384615384615385,rose,3.0,fruity,1.8461538461538463,alcoholic,1.2307692307692308,honey,1.0
123-11-5,anise,5.153846153846154,almond,1.6923076923076923,floral,0.6923076923076923,spicy,0.6923076923076923,coumaric,0.6153846153846154
123-29-5,rose,3.6153846153846154,fruity,3.230769230769231,alcoholic,1.6153846153846154,spicy,0.6923076923076923,tropical_fruit,0.46153846153846156
123-32-0,nutty,2.6153846153846154,coumaric,2.3076923076923075,oily,1.9230769230769231,roasted,1.0769230769230769,creamy,0.9230769230769231
123-66-0,alcoholic,4.461538461538462,fruity,3.0,pineapple,2.1538461538461537,apple,1.3076923076923077,tropical_fruit,1.2307692307692308
123-68-2,alcoholic,5.461538461538462,pineapple,2.6923076923076925,sour,1.3846153846153846,fruity,1.1538461538461537,banana,0.6153846153846154
123-86-4,fruity,5.0,sweet,2.769230769230769,banana,2.1538461538461537,tropical_fruit,1.9230769230769231,floral,1.0769230769230769
140-11-4,fruity,2.076923076923077,fatty,1.3076923076923077,musky,1.3076923076923077,sweet,1.3076923076923077,banana,0.9230769230769231
141-12-8,floral,2.923076923076923,citrus,2.3846153846153846,fruity,2.1538461538461537,sweet,1.0,alcoholic,0.6923076923076923
141-78-6,fruity,3.5384615384615383,fatty,1.3076923076923077,pear,1.3076923076923077,alcoholic,0.9230769230769231,apple,0.8461538461538461
141-97-9,musky,4.0,sweet,2.076923076923077,aldehydic,0.6923076923076923,floral,0.6923076923076923,apple,0.46153846153846156
142-19-8,pineapple,4.076923076923077,alcoholic,3.6153846153846154,fruity,1.9230769230769231,banana,1.0769230769230769,sour,0.9230769230769231
142-92-7,fruity,6.538461538461538,apple,3.4615384615384617,sweet,2.6153846153846154,banana,1.3846153846153846,tropical_fruit,0.9230769230769231
14667-55-1,nutty,3.6923076923076925,roasted,3.076923076923077,sweet,2.4615384615384617,spicy,1.8461538461538463,fatty,1.1538461538461537
150-84-5,floral,2.076923076923077,citrus,1.7692307692307692,fruity,1.6153846153846154,rose,1.1538461538461537,sweet,1.0
2052-14-4,musky,4.153846153846154,aldehydic,1.6153846153846154,sweet,1.3076923076923077,green,0.9230769230769231,floral,0.46153846153846156
22047-25-2,roasted,2.3076923076923075,nutty,1.6153846153846154,caramel,1.3846153846153846,creamy,0.7692307692307693,almond,0.6153846153846154
2244-16-8,herbal,2.5384615384615383,mint,2.3846153846153846,green,1.7692307692307692,woody,1.7692307692307692,alcoholic,0.7692307692307693
2305-05-7,fruity,2.0,creamy,1.8461538461538463,sweet,1.6923076923076923,peach,1.4615384615384615,coconut,1.0769230769230769
2721-22-4,creamy,2.076923076923077,coconut,1.0769230769230769,fatty,0.8461538461538461,oily,0.8461538461538461,caramel,0.7692307692307693
3301-94-8,coconut,4.3076923076923075,creamy,1.7692307692307692,nutty,1.0769230769230769,caramel,0.6923076923076923,apricot,0.6153846153846154
34590-94-8,alcoholic,3.6153846153846154,apple,1.5384615384615385,fruity,1.0769230769230769,banana,0.8461538461538461,spicy,0.46153846153846156
41890-92-0,woody,4.0,floral,1.8461538461538463,sweet,1.6153846153846154,musky,0.6923076923076923,green,0.5384615384615384
502-72-7,musky,4.384615384615385,sweet,1.3076923076923077,floral,1.0769230769230769,fruity,0.9230769230769231,woody,0.7692307692307693
5910-89-4,nutty,2.8461538461538463,roasted,2.230769230769231,meaty,1.0,caramel,0.8461538461538461,waxy,0.7692307692307693
60-12-8,sweet,2.3846153846153846,rose,2.3076923076923075,floral,2.0,green,1.2307692307692308,honey,1.0
623-42-7,fruity,2.6153846153846154,apple,2.3846153846153846,pineapple,1.0769230769230769,alcoholic,0.7692307692307693,green,0.7692307692307693
6259-76-3,sweet,2.1538461538461537,floral,1.0,herbal,0.8461538461538461,fruity,0.6923076923076923,waxy,0.5384615384615384
6485-40-1,mint,3.6923076923076925,herbal,2.1538461538461537,green,1.5384615384615385,alcoholic,0.9230769230769231,woody,0.6153846153846154
67634-00-8,pineapple,1.7692307692307692,fruity,1.0,waxy,1.0,sweet,0.9230769230769231,sour,0.7692307692307693
695-06-7,herbal,2.6923076923076925,creamy,1.3076923076923077,caramel,0.9230769230769231,coumaric,0.9230769230769231,nutty,0.9230769230769231
698-76-0,coconut,2.1538461538461537,creamy,1.4615384615384615,nutty,1.2307692307692308,caramel,1.1538461538461537,woody,0.9230769230769231
705-86-2,creamy,3.8461538461538463,coconut,2.230769230769231,sweet,1.9230769230769231,peach,0.7692307692307693,cocoa,0.38461538461538464
706-14-9,coconut,2.4615384615384617,creamy,1.4615384615384615,oily,1.2307692307692308,nutty,1.1538461538461537,caramel,0.6923076923076923
710-04-3,oily,1.7692307692307692,coconut,1.5384615384615385,creamy,1.1538461538461537,peach,1.0769230769230769,sweet,1.0
7452-79-1,fruity,3.6153846153846154,green,2.5384615384615383,apple,1.7692307692307692,caramel,0.8461538461538461,pine_needle,0.5384615384615384
7493-74-5,pineapple,4.615384615384615,sweet,0.9230769230769231,sour,0.7692307692307693,waxy,0.46153846153846156,fruity,0.38461538461538464
78-70-6,citrus,2.5384615384615383,rose,2.1538461538461537,floral,2.076923076923077,fruity,1.2307692307692308,spicy,0.7692307692307693
821-55-6,green,4.076923076923077,herbal,3.1538461538461537,woody,1.6153846153846154,fruity,1.3846153846153846,floral,1.0769230769230769
82356-51-2,musky,4.461538461538462,sweet,1.3076923076923077,aldehydic,0.8461538461538461,floral,0.46153846153846156,honey,0.38461538461538464
868-57-5,fruity,4.0,apple,2.076923076923077,sweet,1.0769230769230769,woody,0.8461538461538461,caramel,0.6923076923076923
93-92-5,fruity,1.4615384615384615,green,1.4615384615384615,citrus,1.3846153846153846,sour,1.2307692307692308,alcoholic,0.7692307692307693
97-53-0,spicy,2.923076923076923,woody,2.0,herbal,1.4615384615384615,floral,1.0,sweet,0.6923076923076923
97-54-1,sweet,3.5384615384615383,floral,2.1538461538461537,woody,2.1538461538461537,fruity,0.7692307692307693,vegetable,0.7692307692307693
98-55-5,pine_needle,4.076923076923077,floral,2.230769230769231,woody,1.8461538461538463,sweet,0.9230769230769231,spicy,0.6923076923076923
