panel_label_id,label
PANEL_001,alcoholic
PANEL_002,aldehydic
PANEL_003,almond
PANEL_004,anise
PANEL_005,apple
PANEL_006,apricot
PANEL_007,banana
PANEL_008,caramel
PANEL_009,citrus
PANEL_010,cocoa
PANEL_011,coconut
PANEL_012,coffee
PANEL_013,coumaric
PANEL_014,creamy
PANEL_015,fatty
PANEL_016,floral
PANEL_017,fruity
PANEL_018,green
PANEL_019,herbal
PANEL_020,honey
PANEL_021,jasmine
PANEL_022,meaty
PANEL_023,mint
PANEL_024,mushroom
PANEL_025,musky
PANEL_026,nutty
PANEL_027,oily
PANEL_028,peach
PANEL_029,pear
PANEL_030,pine_needle
PANEL_031,pineapple
PANEL_032,plum
PANEL_033,roasted
PANEL_034,rose
PANEL_035,sour
PANEL_036,spicy
PANEL_037,sweet
PANEL_038,tobacco
PANEL_039,tropical_fruit
PANEL_040,vanilla
PANEL_041,vegetable
PANEL_042,waxy
PANEL_043,woody
