pair_id,cas1,cas2,pair_key,is_must_keep,canonical_smiles1,canonical_smiles2,cas1_in_panel,cas2_in_panel,cas1_in_public,cas2_in_public,label_set_1,label_set_2,jaccard_similarity,jaccard_dissimilarity,tanimoto_similarity
PAIR_0001,10094-34-5,93-92-5,10094-34-5__93-92-5,True,CCCC(=O)OC(C)(C)Cc1ccccc1,CC(=O)OC(C)c1ccccc1,True,True,True,True,apricot;fruity;herbal;sweet;woody,alcoholic;citrus;fruity;green;sour,0.1111111111111111,0.8888888888888888,0.2619047619047619
PAIR_0002,103-45-7,140-11-4,103-45-7__140-11-4,True,CC(=O)OCCc1ccccc1,CC(=O)OCc1ccccc1,True,True,True,True,floral;fruity;honey;rose;sweet,banana;fatty;fruity;musky;sweet,0.25,0.75,0.6428571428571429
PAIR_0003,105-53-3,141-97-9,105-53-3__141-97-9,True,CCOC(=O)CC(=O)OCC,CCOC(=O)CC(C)=O,True,True,True,True,alcoholic;fruity;pineapple;sweet;tropical_fruit,aldehydic;apple;floral;musky;sweet,0.1111111111111111,0.8888888888888888,0.7368421052631579
PAIR_0004,108-50-9,123-32-0,108-50-9__123-32-0,True,Cc1cncc(C)n1,Cc1cnc(C)cn1,True,True,True,True,caramel;cocoa;nutty;roasted;sweet,coumaric;creamy;nutty;oily;roasted,0.25,0.75,0.4117647058823529
PAIR_0005,109-08-0,5910-89-4,109-08-0__5910-89-4,True,Cc1cnccn1,Cc1nccnc1C,True,True,True,True,almond;cocoa;creamy;nutty;roasted,caramel;meaty;nutty;roasted;waxy,0.25,0.75,0.42105263157894735
PAIR_0006,110-41-8,112-44-7,110-41-8__112-44-7,True,CCCCCCCCCC(C)C=O,CCCCCCCCCCC=O,True,True,True,True,aldehydic;citrus;fruity;green;sweet,aldehydic;citrus;fruity;green;sour,0.6666666666666666,0.33333333333333337,0.44
PAIR_0007,115-95-7,150-84-5,115-95-7__150-84-5,True,C=CC(C)(CCC=C(C)C)OC(C)=O,CC(=O)OCCC(C)CCC=C(C)C,True,True,True,True,citrus;floral;fruity;rose;woody,citrus;floral;fruity;rose;sweet,0.6666666666666666,0.33333333333333337,0.34146341463414637
PAIR_0008,118-58-1,6259-76-3,118-58-1__6259-76-3,True,O=C(OCc1ccccc1)c1ccccc1O,CCCCCCOC(=O)c1ccccc1O,True,True,True,True,apricot;creamy;floral;fruity;sweet,floral;fruity;herbal;sweet;waxy,0.42857142857142855,0.5714285714285714,0.5135135135135135
PAIR_0009,123-32-0,5910-89-4,123-32-0__5910-89-4,True,Cc1cnc(C)cn1,Cc1nccnc1C,True,True,True,True,coumaric;creamy;nutty;oily;roasted,caramel;meaty;nutty;roasted;waxy,0.25,0.75,0.375
PAIR_0010,123-68-2,142-19-8,123-68-2__142-19-8,True,C=CCOC(=O)CCCCC,C=CCOC(=O)CCCCCC,True,True,True,True,alcoholic;banana;fruity;pineapple;sour,alcoholic;banana;fruity;pineapple;sour,1.0,0.0,0.96
PAIR_0011,2244-16-8,6485-40-1,2244-16-8__6485-40-1,True,C=C(C)[C@H]1CC=C(C)C(=O)C1,C=C(C)[C@@H]1CC=C(C)C(=O)C1,True,True,True,True,alcoholic;green;herbal;mint;woody,alcoholic;green;herbal;mint;woody,1.0,0.0,1.0
PAIR_0012,34590-94-8,41890-92-0,34590-94-8__41890-92-0,True,COCC(C)OCC(C)O,COC(C)(C)CCCC(C)C(C)O,True,True,False,True,alcoholic;apple;banana;fruity;spicy,floral;green;musky;sweet;woody,0.0,1.0,0.23529411764705882
PAIR_0013,502-72-7,82356-51-2,502-72-7__82356-51-2,True,O=C1CCCCCCCCCCCCCC1,CC1=CCCCCCCCCCCCCC1=O,True,True,True,False,floral;fruity;musky;sweet;woody,aldehydic;floral;honey;musky;sweet,0.42857142857142855,0.5714285714285714,0.3333333333333333
PAIR_0014,104-50-7,104-61-0,104-50-7__104-61-0,False,CCCCC1CCC(=O)O1,CCCCCC1CCC(=O)O1,True,True,True,True,caramel;coconut;creamy;nutty;sweet,almond;coconut;creamy;fatty;nutty,0.42857142857142855,0.5714285714285714,0.8888888888888888
PAIR_0015,104-50-7,104-67-6,104-50-7__104-67-6,False,CCCCC1CCC(=O)O1,CCCCCCCC1CCC(=O)O1,True,True,True,True,caramel;coconut;creamy;nutty;sweet,creamy;floral;fruity;peach;sweet,0.25,0.75,0.8571428571428571
PAIR_0016,104-50-7,706-14-9,104-50-7__706-14-9,False,CCCCC1CCC(=O)O1,CCCCCCC1CCC(=O)O1,True,True,True,True,caramel;coconut;creamy;nutty;sweet,caramel;coconut;creamy;nutty;oily,0.6666666666666666,0.33333333333333337,0.8571428571428571
PAIR_0017,104-61-0,104-67-6,104-61-0__104-67-6,False,CCCCCC1CCC(=O)O1,CCCCCCCC1CCC(=O)O1,True,True,True,True,almond;coconut;creamy;fatty;nutty,creamy;floral;fruity;peach;sweet,0.1111111111111111,0.8888888888888888,0.9629629629629629
PAIR_0018,104-61-0,108-29-2,104-61-0__108-29-2,False,CCCCCC1CCC(=O)O1,CC1CCC(=O)O1,True,True,True,True,almond;coconut;creamy;fatty;nutty,coconut;creamy;fruity;herbal;sweet,0.25,0.75,0.41935483870967744
PAIR_0019,104-61-0,695-06-7,104-61-0__695-06-7,False,CCCCCC1CCC(=O)O1,CCC1CCC(=O)O1,True,True,True,True,almond;coconut;creamy;fatty;nutty,caramel;coumaric;creamy;herbal;nutty,0.25,0.75,0.6206896551724138
PAIR_0020,104-61-0,706-14-9,104-61-0__706-14-9,False,CCCCCC1CCC(=O)O1,CCCCCCC1CCC(=O)O1,True,True,True,True,almond;coconut;creamy;fatty;nutty,caramel;coconut;creamy;nutty;oily,0.42857142857142855,0.5714285714285714,0.9629629629629629
PAIR_0021,104-67-6,108-29-2,104-67-6__108-29-2,False,CCCCCCCC1CCC(=O)O1,CC1CCC(=O)O1,True,True,True,True,creamy;floral;fruity;peach;sweet,coconut;creamy;fruity;herbal;sweet,0.42857142857142855,0.5714285714285714,0.40625
PAIR_0022,104-67-6,695-06-7,104-67-6__695-06-7,False,CCCCCCCC1CCC(=O)O1,CCC1CCC(=O)O1,True,True,True,True,creamy;floral;fruity;peach;sweet,caramel;coumaric;creamy;herbal;nutty,0.1111111111111111,0.8888888888888888,0.6
PAIR_0023,105-21-5,698-76-0,105-21-5__698-76-0,False,CCCC1CCC(=O)O1,CCCC1CCCC(=O)O1,True,True,True,True,caramel;coconut;creamy;nutty;sweet,caramel;coconut;creamy;nutty;woody,0.6666666666666666,0.33333333333333337,0.7777777777777778
PAIR_0024,105-53-3,105-54-4,105-53-3__105-54-4,False,CCOC(=O)CC(=O)OCC,CCCC(=O)OCC,True,True,True,True,alcoholic;fruity;pineapple;sweet;tropical_fruit,alcoholic;apple;fruity;pineapple;sour,0.42857142857142855,0.5714285714285714,0.6
PAIR_0025,105-54-4,106-32-1,105-54-4__106-32-1,False,CCCC(=O)OCC,CCCCCCCC(=O)OCC,True,True,True,True,alcoholic;apple;fruity;pineapple;sour,alcoholic;fruity;pineapple;spicy;sweet,0.42857142857142855,0.5714285714285714,0.6521739130434783
PAIR_0026,105-54-4,110-38-3,105-54-4__110-38-3,False,CCCC(=O)OCC,CCCCCCCCCC(=O)OCC,True,True,True,True,alcoholic;apple;fruity;pineapple;sour,alcoholic;fruity;nutty;roasted;waxy,0.25,0.75,0.6521739130434783
PAIR_0027,105-54-4,123-29-5,105-54-4__123-29-5,False,CCCC(=O)OCC,CCCCCCCCC(=O)OCC,True,True,True,True,alcoholic;apple;fruity;pineapple;sour,alcoholic;fruity;rose;spicy;tropical_fruit,0.25,0.75,0.6521739130434783
PAIR_0028,105-54-4,123-66-0,105-54-4__123-66-0,False,CCCC(=O)OCC,CCCCCC(=O)OCC,True,True,True,True,alcoholic;apple;fruity;pineapple;sour,alcoholic;apple;fruity;pineapple;tropical_fruit,0.6666666666666666,0.33333333333333337,0.6818181818181818
PAIR_0029,105-54-4,141-78-6,105-54-4__141-78-6,False,CCCC(=O)OCC,CCOC(C)=O,True,True,True,True,alcoholic;apple;fruity;pineapple;sour,alcoholic;apple;fatty;fruity;pear,0.42857142857142855,0.5714285714285714,0.47619047619047616
PAIR_0030,106-22-9,150-84-5,106-22-9__150-84-5,False,CC(C)=CCCC(C)CCO,CC(=O)OCCC(C)CCC=C(C)C,True,True,True,True,citrus;fruity;green;rose;sweet,citrus;floral;fruity;rose;sweet,0.6666666666666666,0.33333333333333337,0.5483870967741935
PAIR_0031,106-25-2,141-12-8,106-25-2__141-12-8,False,CC(C)=CCC/C(C)=C\CO,CC(=O)OC/C=C(/C)CCC=C(C)C,True,True,True,True,citrus;floral;fruity;mint;rose,alcoholic;citrus;floral;fruity;sweet,0.42857142857142855,0.5714285714285714,0.5172413793103449
PAIR_0032,108-29-2,695-06-7,108-29-2__695-06-7,False,CC1CCC(=O)O1,CCC1CCC(=O)O1,True,True,True,True,coconut;creamy;fruity;herbal;sweet,caramel;coumaric;creamy;herbal;nutty,0.25,0.75,0.5
PAIR_0033,108-29-2,706-14-9,108-29-2__706-14-9,False,CC1CCC(=O)O1,CCCCCCC1CCC(=O)O1,True,True,True,True,coconut;creamy;fruity;herbal;sweet,caramel;coconut;creamy;nutty;oily,0.25,0.75,0.40625
PAIR_0034,109-60-4,110-19-0,109-60-4__110-19-0,False,CCCOC(C)=O,CC(=O)OCC(C)C,True,True,True,True,alcoholic;banana;fruity;roasted;waxy,alcoholic;banana;floral;fruity;pear,0.42857142857142855,0.5714285714285714,0.43478260869565216
PAIR_0035,109-60-4,112-14-1,109-60-4__112-14-1,False,CCCOC(C)=O,CCCCCCCCOC(C)=O,True,True,True,True,alcoholic;banana;fruity;roasted;waxy,alcoholic;citrus;fruity;spicy;sweet,0.25,0.75,0.6363636363636364
PAIR_0036,109-60-4,141-78-6,109-60-4__141-78-6,False,CCCOC(C)=O,CCOC(C)=O,True,True,True,True,alcoholic;banana;fruity;roasted;waxy,alcoholic;apple;fatty;fruity;pear,0.25,0.75,0.5789473684210527
PAIR_0037,110-19-0,112-14-1,110-19-0__112-14-1,False,CC(=O)OCC(C)C,CCCCCCCCOC(C)=O,True,True,True,True,alcoholic;banana;floral;fruity;pear,alcoholic;citrus;fruity;spicy;sweet,0.25,0.75,0.37037037037037035
PAIR_0038,110-19-0,141-78-6,110-19-0__141-78-6,False,CC(=O)OCC(C)C,CCOC(C)=O,True,True,True,True,alcoholic;banana;floral;fruity;pear,alcoholic;apple;fatty;fruity;pear,0.42857142857142855,0.5714285714285714,0.47619047619047616
PAIR_0039,110-38-3,123-29-5,110-38-3__123-29-5,False,CCCCCCCCCC(=O)OCC,CCCCCCCCC(=O)OCC,True,True,True,True,alcoholic;fruity;nutty;roasted;waxy,alcoholic;fruity;rose;spicy;tropical_fruit,0.25,0.75,1.0
PAIR_0040,110-38-3,123-66-0,110-38-3__123-66-0,False,CCCCCCCCCC(=O)OCC,CCCCCC(=O)OCC,True,True,True,True,alcoholic;fruity;nutty;roasted;waxy,alcoholic;apple;fruity;pineapple;tropical_fruit,0.25,0.75,0.9523809523809523
PAIR_0041,110-38-3,141-78-6,110-38-3__141-78-6,False,CCCCCCCCCC(=O)OCC,CCOC(C)=O,True,True,True,True,alcoholic;fruity;nutty;roasted;waxy,alcoholic;apple;fatty;fruity;pear,0.25,0.75,0.4
PAIR_0042,112-14-1,141-78-6,112-14-1__141-78-6,False,CCCCCCCCOC(C)=O,CCOC(C)=O,True,True,True,True,alcoholic;citrus;fruity;spicy;sweet,alcoholic;apple;fatty;fruity;pear,0.25,0.75,0.4782608695652174
PAIR_0043,115-95-7,78-70-6,115-95-7__78-70-6,False,C=CC(C)(CCC=C(C)C)OC(C)=O,C=CC(C)(O)CCC=C(C)C,True,True,True,True,citrus;floral;fruity;rose;woody,citrus;floral;fruity;rose;spicy,0.6666666666666666,0.33333333333333337,0.5151515151515151
PAIR_0044,118-58-1,119-36-8,118-58-1__119-36-8,False,O=C(OCc1ccccc1)c1ccccc1O,COC(=O)c1ccccc1O,True,True,True,True,apricot;creamy;floral;fruity;sweet,green;herbal;mint;pine_needle;spicy,0.0,1.0,0.5161290322580645
PAIR_0045,118-58-1,140-11-4,118-58-1__140-11-4,False,O=C(OCc1ccccc1)c1ccccc1O,CC(=O)OCc1ccccc1,True,True,True,True,apricot;creamy;floral;fruity;sweet,banana;fatty;fruity;musky;sweet,0.25,0.75,0.5483870967741935
PAIR_0046,121-32-4,121-33-5,121-32-4__121-33-5,False,CCOc1cc(C=O)ccc1O,COc1cc(C=O)ccc1O,True,True,True,True,cocoa;creamy;fruity;sweet;vanilla,caramel;cocoa;creamy;roasted;vanilla,0.42857142857142855,0.5714285714285714,0.65625
PAIR_0047,123-29-5,123-66-0,123-29-5__123-66-0,False,CCCCCCCCC(=O)OCC,CCCCCC(=O)OCC,True,True,True,True,alcoholic;fruity;rose;spicy;tropical_fruit,alcoholic;apple;fruity;pineapple;tropical_fruit,0.42857142857142855,0.5714285714285714,0.9523809523809523
PAIR_0048,123-29-5,141-78-6,123-29-5__141-78-6,False,CCCCCCCCC(=O)OCC,CCOC(C)=O,True,True,True,True,alcoholic;fruity;rose;spicy;tropical_fruit,alcoholic;apple;fatty;fruity;pear,0.25,0.75,0.4
PAIR_0049,123-66-0,123-68-2,123-66-0__123-68-2,False,CCCCCC(=O)OCC,C=CCOC(=O)CCCCC,True,True,True,True,alcoholic;apple;fruity;pineapple;tropical_fruit,alcoholic;banana;fruity;pineapple;sour,0.42857142857142855,0.5714285714285714,0.6296296296296297
PAIR_0050,123-66-0,141-78-6,123-66-0__141-78-6,False,CCCCCC(=O)OCC,CCOC(C)=O,True,True,True,True,alcoholic;apple;fruity;pineapple;tropical_fruit,alcoholic;apple;fatty;fruity;pear,0.42857142857142855,0.5714285714285714,0.4166666666666667
PAIR_0051,141-78-6,141-97-9,141-78-6__141-97-9,False,CCOC(C)=O,CCOC(=O)CC(C)=O,True,True,True,True,alcoholic;apple;fatty;fruity;pear,aldehydic;apple;floral;musky;sweet,0.1111111111111111,0.8888888888888888,0.5238095238095238
PAIR_0052,2721-22-4,3301-94-8,2721-22-4__3301-94-8,False,CCCCCCCCCC1CCCC(=O)O1,CCCCC1CCCC(=O)O1,True,True,True,True,caramel;coconut;creamy;fatty;oily,apricot;caramel;coconut;creamy;nutty,0.42857142857142855,0.5714285714285714,0.8666666666666667
PAIR_0053,2721-22-4,698-76-0,2721-22-4__698-76-0,False,CCCCCCCCCC1CCCC(=O)O1,CCCC1CCCC(=O)O1,True,True,True,True,caramel;coconut;creamy;fatty;oily,caramel;coconut;creamy;nutty;woody,0.42857142857142855,0.5714285714285714,0.7419354838709677
PAIR_0054,2721-22-4,705-86-2,2721-22-4__705-86-2,False,CCCCCCCCCC1CCCC(=O)O1,CCCCCC1CCCC(=O)O1,True,True,True,True,caramel;coconut;creamy;fatty;oily,cocoa;coconut;creamy;peach;sweet,0.25,0.75,0.9655172413793104
PAIR_0055,2721-22-4,710-04-3,2721-22-4__710-04-3,False,CCCCCCCCCC1CCCC(=O)O1,CCCCCCC1CCCC(=O)O1,True,True,True,True,caramel;coconut;creamy;fatty;oily,coconut;creamy;oily;peach;sweet,0.42857142857142855,0.5714285714285714,1.0
PAIR_0056,3301-94-8,698-76-0,3301-94-8__698-76-0,False,CCCCC1CCCC(=O)O1,CCCC1CCCC(=O)O1,True,True,True,True,apricot;caramel;coconut;creamy;nutty,caramel;coconut;creamy;nutty;woody,0.6666666666666666,0.33333333333333337,0.7931034482758621
PAIR_0057,3301-94-8,710-04-3,3301-94-8__710-04-3,False,CCCCC1CCCC(=O)O1,CCCCCCC1CCCC(=O)O1,True,True,True,True,apricot;caramel;coconut;creamy;nutty,coconut;creamy;oily;peach;sweet,0.25,0.75,0.8666666666666667
PAIR_0058,695-06-7,706-14-9,695-06-7__706-14-9,False,CCC1CCC(=O)O1,CCCCCCC1CCC(=O)O1,True,True,True,True,caramel;coumaric;creamy;herbal;nutty,caramel;coconut;creamy;nutty;oily,0.42857142857142855,0.5714285714285714,0.6
PAIR_0059,698-76-0,710-04-3,698-76-0__710-04-3,False,CCCC1CCCC(=O)O1,CCCCCCC1CCCC(=O)O1,True,True,True,True,caramel;coconut;creamy;nutty;woody,coconut;creamy;oily;peach;sweet,0.25,0.75,0.7419354838709677
PAIR_0060,705-86-2,710-04-3,705-86-2__710-04-3,False,CCCCCC1CCCC(=O)O1,CCCCCCC1CCCC(=O)O1,True,True,True,True,cocoa;coconut;creamy;peach;sweet,coconut;creamy;oily;peach;sweet,0.6666666666666666,0.33333333333333337,0.9655172413793104
