model,representation,test_roc_auc_macro_mean,test_roc_auc_macro_std,test_roc_auc_macro_fold_1,test_roc_auc_macro_fold_2,test_roc_auc_macro_fold_3,test_roc_auc_macro_fold_4,test_roc_auc_macro_fold_5,std_definition,source_json
CNN,ECFP4,0.8055611463626668,0.006225163630606517,0.7993348239385926,0.8126304113055948,0.8049025619225049,0.7982380964918834,0.8126998381547591,recomputed_ddof0_json_missing_std,results/benchmark_metrics/model_summary_json/CNN__ECFP4__summary.json
CNN,QM,0.8555999416469404,0.0034817599313606657,0.8507261406892846,0.8590351469762864,0.8598443287429113,0.8529505237576537,0.8554435680685663,recomputed_ddof0_json_missing_std,results/benchmark_metrics/model_summary_json/CNN__QM__summary.json
CNN,RDKit,0.8579182886241501,0.0010980343357996584,0.8591333633757756,0.8575793502989387,0.856070826487313,0.8578784716949129,0.8589294312638106,recomputed_ddof0_json_missing_std,results/benchmark_metrics/model_summary_json/CNN__RDKit__summary.json
CNN,RDKit+QM,0.8783718397251647,0.005196935549066103,0.8790198384746619,0.8802066273991098,0.8808749488485833,0.8683769183836628,0.8833808655198051,recomputed_ddof0_json_missing_std,results/benchmark_metrics/model_summary_json/CNN__RDKit_QM__summary.json
LogReg,ECFP4,0.8744046128580173,0.0029423719965241363,0.8712126714898198,0.8717014878338231,0.8777589799975942,0.8780533059185729,0.8732966190502766,reported_ddof0,results/benchmark_metrics/model_summary_json/LogReg__ECFP4__summary.json
LogReg,QM,0.8357653010162617,0.002392700598679129,0.8332758498482045,0.834797860259956,0.8403229582243492,0.8354533410118903,0.8349764957369089,reported_ddof0,results/benchmark_metrics/model_summary_json/LogReg__QM__summary.json
LogReg,RDKit,0.8460238552246875,0.0058260739493122314,0.8472327768115989,0.8436726248629733,0.8541169997601646,0.8485928506880528,0.8365040240006473,reported_ddof0,results/benchmark_metrics/model_summary_json/LogReg__RDKit__summary.json
LogReg,RDKit+QM,0.8672793154090763,0.0032358476619244896,0.8632137004325665,0.8677201269468133,0.8729597982898014,0.8670417970672377,0.8654611543089624,reported_ddof0,results/benchmark_metrics/model_summary_json/LogReg__RDKit_QM__summary.json
MLP,ECFP4,0.8426063144734602,0.007448502353494426,0.8531093073481334,0.841078178840733,0.840812475472095,0.8307771310403929,0.8472544796659464,recomputed_ddof0_json_missing_std,results/benchmark_metrics/model_summary_json/MLP__ECFP4__summary.json
MLP,QM,0.8740859835445555,0.003771844103560549,0.8740941275925982,0.8767171702894269,0.8725100919988643,0.8680242574102847,0.8790842704316033,recomputed_ddof0_json_missing_std,results/benchmark_metrics/model_summary_json/MLP__QM__summary.json
MLP,RDKit,0.8639285451061749,0.002846512426397666,0.8616994460578952,0.8657249129008129,0.8679155882135404,0.8599036941342973,0.8643990842243287,recomputed_ddof0_json_missing_std,results/benchmark_metrics/model_summary_json/MLP__RDKit__summary.json
MLP,RDKit+QM,0.8919180148689762,0.005102413820984341,0.892217054910342,0.8940177055213697,0.8920467340980501,0.8828291880544006,0.8984793917607184,recomputed_ddof0_json_missing_std,results/benchmark_metrics/model_summary_json/MLP__RDKit_QM__summary.json
RF,ECFP4,0.8662213358314583,0.0028649072704963184,0.8675335985484068,0.8633270428591414,0.8692957901813292,0.868666798008376,0.8622834495600378,reported_ddof0,results/benchmark_metrics/model_summary_json/RF__ECFP4__summary.json
RF,QM,0.8669107149887992,0.0047566441265334825,0.8655974058815755,0.8660230308922505,0.8723110440233292,0.8714889967456771,0.8591330974011637,reported_ddof0,results/benchmark_metrics/model_summary_json/RF__QM__summary.json
RF,RDKit,0.8620014646238945,0.00442268331743707,0.8621146538190742,0.8622441648771557,0.8673345538767531,0.8643098794599128,0.8540040710865764,reported_ddof0,results/benchmark_metrics/model_summary_json/RF__RDKit__summary.json
RF,RDKit+QM,0.8885990376961475,0.003725106195423029,0.8860105568344443,0.8892998108692632,0.8943858045939582,0.8898977970362124,0.8834012191468589,reported_ddof0,results/benchmark_metrics/model_summary_json/RF__RDKit_QM__summary.json
SVM,ECFP4,0.8769665183175182,0.002960929129557105,0.873825951222062,0.8738597235517023,0.8801326060321661,0.8806922108309924,0.8763220999506685,reported_ddof0,results/benchmark_metrics/model_summary_json/SVM__ECFP4__summary.json
SVM,QM,0.8347476165745957,0.0023352520538232964,0.8328290645468084,0.8340684248585776,0.8392814370504934,0.834369130089241,0.8331900263278589,reported_ddof0,results/benchmark_metrics/model_summary_json/SVM__QM__summary.json
SVM,RDKit,0.8442520013623538,0.0059126005815989474,0.8458431359666057,0.8418622261313907,0.8523965286501541,0.8466303861109894,0.8345277299526295,reported_ddof0,results/benchmark_metrics/model_summary_json/SVM__RDKit__summary.json
SVM,RDKit+QM,0.8672796242435249,0.0032861332522905766,0.8634661794092098,0.8674324276484254,0.8732124678880285,0.8670511472902642,0.8652358989816962,reported_ddof0,results/benchmark_metrics/model_summary_json/SVM__RDKit_QM__summary.json
XGBoost,ECFP4,0.8340371741085125,0.003219515365491958,0.8324483872525111,0.8287962168545803,0.8356128357698055,0.838329916157174,0.8349985145084913,reported_ddof0,results/benchmark_metrics/model_summary_json/XGBoost__ECFP4__summary.json
XGBoost,QM,0.8376033751412979,0.002416443400027713,0.8407799782890145,0.834065618288854,0.8390664686360082,0.8384383497253446,0.8356664607672682,reported_ddof0,results/benchmark_metrics/model_summary_json/XGBoost__QM__summary.json
XGBoost,RDKit,0.8224895423057367,0.004746194989684581,0.8269304705894786,0.8246702477718569,0.8268711680438818,0.81493608285878,0.8190397422646857,reported_ddof0,results/benchmark_metrics/model_summary_json/XGBoost__RDKit__summary.json
XGBoost,RDKit+QM,0.8611795954792008,0.0030729935284882835,0.8619332136384782,0.8611272063664447,0.8658587288274202,0.860756275828301,0.8562225527353595,reported_ddof0,results/benchmark_metrics/model_summary_json/XGBoost__RDKit_QM__summary.json
