model,representation,test_roc_auc_micro_mean,test_roc_auc_micro_std,test_roc_auc_micro_fold_1,test_roc_auc_micro_fold_2,test_roc_auc_micro_fold_3,test_roc_auc_micro_fold_4,test_roc_auc_micro_fold_5,std_definition,source_json
CNN,ECFP4,0.8832196752067369,0.002119483939825575,0.8808520253753872,0.8846114846106378,0.8840610690699292,0.8806222052473383,0.885951591730392,recomputed_ddof0_json_missing_std,results/benchmark_metrics/model_summary_json/CNN__ECFP4__summary.json
CNN,QM,0.9132636302319159,0.0022869012139998886,0.9092165082369165,0.9146186534634193,0.915984211707697,0.9127334759888264,0.9137653017627205,recomputed_ddof0_json_missing_std,results/benchmark_metrics/model_summary_json/CNN__QM__summary.json
CNN,RDKit,0.9135704746086297,0.0007769269716756578,0.9149972290226636,0.912943654499891,0.9128105864905994,0.9136256651753933,0.9134752378546007,recomputed_ddof0_json_missing_std,results/benchmark_metrics/model_summary_json/CNN__RDKit__summary.json
CNN,RDKit+QM,0.9262640923679288,0.0015945176714988627,0.9266718076919634,0.9262937694702236,0.9274201127676879,0.9232380973771173,0.9276966745326516,recomputed_ddof0_json_missing_std,results/benchmark_metrics/model_summary_json/CNN__RDKit_QM__summary.json
LogReg,ECFP4,0.9210790273615579,0.00164086939751006,0.9196862692972232,0.9189992208117755,0.9229009053148255,0.9230258137545995,0.9207829276293664,reported_ddof0,results/benchmark_metrics/model_summary_json/LogReg__ECFP4__summary.json
LogReg,QM,0.9040552339947876,0.0016380240206389366,0.902255323604374,0.9023053089639412,0.9065620297755456,0.9049547138007474,0.9041987938293297,reported_ddof0,results/benchmark_metrics/model_summary_json/LogReg__QM__summary.json
LogReg,RDKit,0.906780517110743,0.001964438957774258,0.9067907602172354,0.9041677191696957,0.9098966246843021,0.9076696660167879,0.9053778154656946,reported_ddof0,results/benchmark_metrics/model_summary_json/LogReg__RDKit__summary.json
LogReg,RDKit+QM,0.9200201652437314,0.0014448117500445337,0.9185250375131362,0.9180987915199886,0.9217933751021251,0.9209308172541097,0.9207528048292979,reported_ddof0,results/benchmark_metrics/model_summary_json/LogReg__RDKit_QM__summary.json
MLP,ECFP4,0.8979323880906585,0.0043239952907553544,0.9037089964693108,0.8961927756090212,0.8960880421321117,0.8917722823434555,0.9018998438993925,recomputed_ddof0_json_missing_std,results/benchmark_metrics/model_summary_json/MLP__ECFP4__summary.json
MLP,QM,0.9230082621967194,0.0023324913272610047,0.9243742206414853,0.9241376525735226,0.9233154275724388,0.9184415809257362,0.9247724292704136,recomputed_ddof0_json_missing_std,results/benchmark_metrics/model_summary_json/MLP__QM__summary.json
MLP,RDKit,0.9169665078452448,0.0010655140192209825,0.9167836082352769,0.9178479540191813,0.9184582786582349,0.9155234441866116,0.9162192541269192,recomputed_ddof0_json_missing_std,results/benchmark_metrics/model_summary_json/MLP__RDKit__summary.json
MLP,RDKit+QM,0.9326882488611161,0.00235580062010385,0.9342854191205232,0.9334476357106423,0.933665605649723,0.9280122518367324,0.9340303319879601,recomputed_ddof0_json_missing_std,results/benchmark_metrics/model_summary_json/MLP__RDKit_QM__summary.json
RF,ECFP4,0.8859752183184162,0.0010540657613133675,0.88620184465714,0.884651001951645,0.8877436744757807,0.8860858215752517,0.8851937489322631,reported_ddof0,results/benchmark_metrics/model_summary_json/RF__ECFP4__summary.json
RF,QM,0.9146248874255003,0.0012380671905798577,0.9138384458652333,0.9144929238962269,0.9165626142556507,0.9152886517695682,0.912941801340822,reported_ddof0,results/benchmark_metrics/model_summary_json/RF__QM__summary.json
RF,RDKit,0.9089398670108271,0.001129003433349908,0.9085640039923619,0.9085866056890247,0.9109619772593722,0.909062250202655,0.9075244979107211,reported_ddof0,results/benchmark_metrics/model_summary_json/RF__RDKit__summary.json
RF,RDKit+QM,0.9282170559402685,0.0011134433267641832,0.9273687279418591,0.9284033370048738,0.9301715231518061,0.9281990583504404,0.9269426332523633,reported_ddof0,results/benchmark_metrics/model_summary_json/RF__RDKit_QM__summary.json
SVM,ECFP4,0.9232094221236723,0.0015491175176742251,0.9218735865214738,0.9211406191016878,0.9248510790888618,0.9250088816241006,0.923172944282238,reported_ddof0,results/benchmark_metrics/model_summary_json/SVM__ECFP4__summary.json
SVM,QM,0.9035584521137532,0.0015416836492911585,0.9019728513312579,0.901899707681372,0.9059884385416491,0.9044026413940472,0.9035286216204391,reported_ddof0,results/benchmark_metrics/model_summary_json/SVM__QM__summary.json
SVM,RDKit,0.9057002686600824,0.00195286400310917,0.9058437541957745,0.9030936921082601,0.9088246480013761,0.9064357300881745,0.9043035189068263,reported_ddof0,results/benchmark_metrics/model_summary_json/SVM__RDKit__summary.json
SVM,RDKit+QM,0.920067289737017,0.0014593756817925538,0.9186109949902612,0.9181064155231393,0.9219054399565194,0.9210265319993282,0.9206870662158365,reported_ddof0,results/benchmark_metrics/model_summary_json/SVM__RDKit_QM__summary.json
XGBoost,ECFP4,0.903589639363853,0.0014155389543760828,0.9021375272202846,0.9019956145126555,0.9055638435384921,0.9047953839627415,0.9034558275850901,reported_ddof0,results/benchmark_metrics/model_summary_json/XGBoost__ECFP4__summary.json
XGBoost,QM,0.9070545694340482,0.0009485423806005557,0.9070577362395991,0.9058417029601264,0.9086377763886239,0.907342847379008,0.9063927842028825,reported_ddof0,results/benchmark_metrics/model_summary_json/XGBoost__QM__summary.json
XGBoost,RDKit,0.8950654068793267,0.0016132022171091262,0.894743604951777,0.8946858554043213,0.8978904004063644,0.892879091586612,0.8951280820475584,reported_ddof0,results/benchmark_metrics/model_summary_json/XGBoost__RDKit__summary.json
XGBoost,RDKit+QM,0.9195188019935128,0.0017334115793727354,0.9184804592575472,0.9191854870479257,0.9229138870665266,0.9188680537878028,0.9181461228077605,reported_ddof0,results/benchmark_metrics/model_summary_json/XGBoost__RDKit_QM__summary.json
