Triplet_ID,N_Assessors,Count_AP_Similar,Count_AS_Similar,Count_Both_Similar,Count_Both_Dissimilar,Proportion_AP_Similar,Proportion_AS_Similar,Perceptual_Similarity_Difference
1,13,11,1,0,1,0.8461538461538461,0.07692307692307693,0.7692307692307692
2,13,10,2,0,1,0.7692307692307693,0.15384615384615385,0.6153846153846154
3,13,10,1,0,2,0.7692307692307693,0.07692307692307693,0.6923076923076923
4,13,10,2,1,0,0.8461538461538461,0.23076923076923078,0.6153846153846154
5,13,9,2,1,1,0.7692307692307693,0.23076923076923078,0.5384615384615385
6,13,10,1,1,1,0.8461538461538461,0.15384615384615385,0.6923076923076923
7,13,9,2,1,1,0.7692307692307693,0.23076923076923078,0.5384615384615385
8,13,8,3,1,1,0.6923076923076923,0.3076923076923077,0.3846153846153846
9,13,8,4,0,1,0.6153846153846154,0.3076923076923077,0.3076923076923077
10,13,11,2,0,0,0.8461538461538461,0.15384615384615385,0.6923076923076923
11,13,9,2,0,2,0.6923076923076923,0.15384615384615385,0.5384615384615384
12,13,9,4,0,0,0.6923076923076923,0.3076923076923077,0.3846153846153846
13,13,11,1,0,1,0.8461538461538461,0.07692307692307693,0.7692307692307692
14,13,10,1,0,2,0.7692307692307693,0.07692307692307693,0.6923076923076923
15,13,8,3,0,2,0.6153846153846154,0.23076923076923078,0.38461538461538464
16,13,6,4,2,1,0.6153846153846154,0.46153846153846156,0.15384615384615385
17,13,10,1,1,1,0.8461538461538461,0.15384615384615385,0.6923076923076923
18,13,9,2,1,1,0.7692307692307693,0.23076923076923078,0.5384615384615385
19,13,12,1,0,0,0.9230769230769231,0.07692307692307693,0.8461538461538463
20,13,10,2,0,1,0.7692307692307693,0.15384615384615385,0.6153846153846154
21,13,9,3,0,1,0.6923076923076923,0.23076923076923078,0.4615384615384615
22,13,11,2,0,0,0.8461538461538461,0.15384615384615385,0.6923076923076923
23,13,8,2,1,2,0.6923076923076923,0.23076923076923078,0.4615384615384615
24,13,9,2,2,0,0.8461538461538461,0.3076923076923077,0.5384615384615384
25,13,10,1,0,2,0.7692307692307693,0.07692307692307693,0.6923076923076923
26,13,10,2,1,0,0.8461538461538461,0.23076923076923078,0.6153846153846154
27,13,8,3,0,2,0.6153846153846154,0.23076923076923078,0.38461538461538464
28,13,12,1,0,0,0.9230769230769231,0.07692307692307693,0.8461538461538463
29,13,12,1,0,0,0.9230769230769231,0.07692307692307693,0.8461538461538463
30,13,9,3,0,1,0.6923076923076923,0.23076923076923078,0.4615384615384615
