Triplet_ID,A_Molecule_ID,A_molecule,A_CAS,A_SMILES,S_Molecule_ID,S_molecule,S_CAS,S_SMILES,P_Molecule_ID,P_molecule,P_CAS,P_SMILES
1,C001,乙酸二甲基苄基原酯,151-05-3,CC(=O)OC(C)(C)CC1=CC=CC=C1,C089,丁酸二甲基苄基原酯,10094-34-5,CCCC(=O)OC(C)(C)CC1=CC=CC=C1,C280,高顺式二氢茉莉酮酸,24851-98-7,CCCCCC1C(CCC1=O)CC(=O)OC
2,D022,四氢芳樟醇,78-69-3,CCC(C)(CCCC(C)C)O,D048,二甲基庚醇,13254-34-7,CC(C)CCCC(C)(C)O,C377,乙酸橙花酯,141-12-8,CC(=CCC/C(=C\\COC(=O)C)/C)C
3,C377,乙酸橙花酯,141-12-8,CC(=CCC/C(=C\\COC(=O)C)/C)C,D169,橙花醇,106-25-2,CC(=CCC/C(=C\\CO)/C)C,D022,四氢芳樟醇,78-69-3,CCC(C)(CCCC(C)C)O
4,D022,四氢芳樟醇,78-69-3,CCC(C)(CCCC(C)C)O,D048,二甲基庚醇,13254-34-7,CC(C)CCCC(C)(C)O,F367,波洁洪醛,18127-01-0,CC(C)(C)C1=CC=C(C=C1)CCC=O
5,C074,柳酸苄酯,118-58-1,C1=CC=C(C=C1)COC(=O)C2=CC=CC=C2O,C268,水杨酸己酯,6259-76-3,CCCCCCOC(=O)C1=CC=CC=C1O,A016,803檀香,66068-84-6,CC1C2CC(C1(C)C)CC2C3CCC(CC3)O
6,D048,二甲基庚醇,13254-34-7,CC(C)CCCC(C)(C)O,D022,四氢芳樟醇,78-69-3,CCC(C)(CCCC(C)C)O,F065,甲基柑青醛,52474-60-9,CC(=CCCC1=CCCC(C1)(C)C=O)C
7,D048,二甲基庚醇,13254-34-7,CC(C)CCCC(C)(C)O,D022,四氢芳樟醇,78-69-3,CCC(C)(CCCC(C)C)O,F367,波洁洪醛,18127-01-0,CC(C)(C)C1=CC=C(C=C1)CCC=O
8,D048,二甲基庚醇,13254-34-7,CC(C)CCCC(C)(C)O,D022,四氢芳樟醇,78-69-3,CCC(C)(CCCC(C)C)O,C463,乙酸二氢月桂烯酯,53767-93-4,CC(CCCC(C)(C)OC(=O)C)C=C
9,D169,橙花醇,106-25-2,CC(=CCC/C(=C\\CO)/C)C,C377,乙酸橙花酯,141-12-8,CC(=CCC/C(=C\\COC(=O)C)/C)C,D024,二甲基苄基原醇,100-86-7,CC(C)(CC1=CC=CC=C1)O
10,C377,乙酸橙花酯,141-12-8,CC(=CCC/C(=C\\COC(=O)C)/C)C,D169,橙花醇,106-25-2,CC(=CCC/C(=C\\CO)/C)C,F367,波洁洪醛,18127-01-0,CC(C)(C)C1=CC=C(C=C1)CCC=O
11,D169,橙花醇,106-25-2,CC(=CCC/C(=C\\CO)/C)C,C377,乙酸橙花酯,141-12-8,CC(=CCC/C(=C\\COC(=O)C)/C)C,F367,波洁洪醛,18127-01-0,CC(C)(C)C1=CC=C(C=C1)CCC=O
12,D022,四氢芳樟醇,78-69-3,CCC(C)(CCCC(C)C)O,D048,二甲基庚醇,13254-34-7,CC(C)CCCC(C)(C)O,C330,柳酸戊酯,2050-08-0,CCCCCOC(=O)C1=CC=CC=C1O
13,D048,二甲基庚醇,13254-34-7,CC(C)CCCC(C)(C)O,D022,四氢芳樟醇,78-69-3,CCC(C)(CCCC(C)C)O,I259,铃兰吡喃,63500-71-0,CC(C)CC1CC(CCO1)(C)O
14,D048,二甲基庚醇,13254-34-7,CC(C)CCCC(C)(C)O,D022,四氢芳樟醇,78-69-3,CCC(C)(CCCC(C)C)O,E036,香茅腈,51566-62-2,CC(CCC=C(C)C)CC#N
15,C377,乙酸橙花酯,141-12-8,CC(=CCC/C(=C\\COC(=O)C)/C)C,D169,橙花醇,106-25-2,CC(=CCC/C(=C\\CO)/C)C,C280,高顺式二氢茉莉酮酸,24851-98-7,CCCCCC1C(CCC1=O)CC(=O)OC
16,C377,乙酸橙花酯,141-12-8,CC(=CCC/C(=C\\COC(=O)C)/C)C,D169,橙花醇,106-25-2,CC(=CCC/C(=C\\CO)/C)C,C269,异丁酸苯氧基乙酯,103-60-6,CC(C)C(=O)OCCOC1=CC=CC=C1
17,D048,二甲基庚醇,13254-34-7,CC(C)CCCC(C)(C)O,D022,四氢芳樟醇,78-69-3,CCC(C)(CCCC(C)C)O,C372,香紫苏酯,0319002-92-1,CCCOC(=O)[C@H](C)OC(C)(C)CC
18,C377,乙酸橙花酯,141-12-8,CC(=CCC/C(=C\\COC(=O)C)/C)C,D169,橙花醇,106-25-2,CC(=CCC/C(=C\\CO)/C)C,C319,菠萝酯,2705-87-5,C=CCOC(=O)CCC1CCCCC1
19,N001,环戊醇,96-41-3,C1CCC(C1)O,N002,环己醇,108-93-0,C1CCC(CC1)O,N003,3-甲基-2-丁醇,598-75-4,CC(O)C(C)C
20,N001,环戊醇,96-41-3,C1CCC(C1)O,N002,环己醇,108-93-0,C1CCC(CC1)O,N004,2-甲基-1-丁醇,137-32-6,CCC(C)CO
21,N005,己酸异丙酯,2311-46-8,CCCCCC(=O)OC(C)C,N006,辛酸异丙酯,5458-59-3,CCCCCCCC(=O)OC(C)C,C319,菠萝酯,2705-87-5,C=CCOC(=O)CCC1CCCCC1
22,N007,甲酸丁酯,592-84-7,CCCCOC=O,N008,甲酸戊酯,638-49-3,CCCCCOC=O,N009,丙酸异丙酯,637-78-5,CCC(=O)OC(C)C
23,N005,己酸异丙酯,2311-46-8,CCCCCC(=O)OC(C)C,N010,戊酸异丙酯,18362-97-5,CCCCC(=O)OC(C)C,C319,菠萝酯,2705-87-5,C=CCOC(=O)CCC1CCCCC1
24,N011,γ-丁内酯,96-48-0,O=C1OCCC1,N012,δ-戊内酯,542-28-9,O=C1OCCCC1,N013,环戊烯醇酮丙酸酯,87-55-8,CCC(=O)OC1=C(CCC1=O)C
25,N014,乙酸十一烯酯,112-19-6,CC(=O)OCCCCCCCCCC=C,N015,乙酸己烯酯,5048-26-0,CC(=O)OCCCCC=C,N016,苯乙醛,122-78-1,O=CCc1ccccc1
26,N017,3-羟基丙酸苯乙酯（表中Phenethyl lactate）,10138-63-3,OCCC(=O)OCCc1ccccc1,N018,丁酸苯乙酯,103-52-6,CCCC(=O)OCCc1ccccc1,N019,甲酸异丙酯,625-55-8,CC(C)OC=O
27,N020,壬醛,124-19-6,CCCCCCCCC=O,N021,己醛,66-25-1,CCCCCC=O,N022,铃兰醇（Mugetanol）,63767-86-2,CC(C)C1CCC(CC1)C(C)O
28,N023,己酸丙酯,626-77-7,CCCCCC(=O)OCCC,N024,癸酸丙酯,30673-60-0,CCCCCCCCCC(=O)OCCC,N025,苯乙基异戊醚,56011-02-0,CC(C)CCOCCC1=CC=CC=C1
29,N026,戊酸乙酯,539-82-2,CCCCC(=O)OCC,N027,癸酸乙酯,110-38-3,CCCCCCCCCC(=O)OCC,N028,3-乙酰氧基丁酸甲酯,89422-42-4,COC(=O)CC(C)OC(C)=O
30,N029,1-己醇,111-27-3,CCCCCCO,N030,1-戊醇,71-41-0,CCCCCO,N031,丙二酸二戊酯,20602-31-7,CCCCCOC(=O)CC(=O)OCCCCC
